Peptide,CDR3,Score
KLLAGVEIV,CASSWREGFPYEQYF,0.5316227
KLLAGVEIV,CASRNRDPNGYTF,0.38416034
KLLAGVEIV,CATGETGNEKLFF,0.33271626
KLLAGVEIV,CASESRRANTGELFF,0.15382272
THLMVLCCV,CASSVLNTGELFF,0.8898253
THLMVLCCV,CASSDTPDLNTEAFF,0.58934134
THLMVLCCV,CASSILGASNQPQHF,0.60817355
THLMVLCCV,CAISARDQNTGELFF,0.41205442
THLMVLCCV,CASLGRTPRDTEAFF,0.15665576
THLMVLCCV,CSALRDNEQFF,0.6641332
THLMVLCCV,CSASRRGIGNTIYF,0.21677582
THLMVLCCV,CAIPQGYYGYTF,0.71148926
KASEKIFYV,CASSWEYEQYF,0.9195691
KASEKIFYV,CASSALFSGANVLTF,0.5445999
KASEKIFYV,CASSIDGAGPGYTF,0.5803844
KASEKIFYV,CASTPVGPTYGYTF,0.5093808
CHIPVEPNT,CASSVLNTGELFF,0.84708816
CHIPVEPNT,CASRPWGARDTIYF,0.3643183
KVLEYVIKV,CASSSGQGATNEKLFF,0.26870516
KVLEYVIKV,CSVAGTTGYEQYF,0.43058085
KVLEYVIKV,CASRLSGSAYEQYF,0.42172092
KVLEYVIKV,CASSLEPTANQPQHF,0.40790594
KVLEYVIKV,CASSLGILGGSLEPQHF,0.32880753
KVLEYVIKV,CASSLAVTSGGGTQYF,0.33965003
KVLEYVIKV,CASDITAGAGSPLHF,0.14842656
KVLEYVIKV,CATSRDLRRGPWNTEAFF,0.013792257
KVLEYVIKV,CASSQDGIAGSSYNEQFF,0.29687816
KVLEYVIKV,CASSSTRTGNSQYF,0.36493772
YLEAGPVTA,ASSIGGPYEQYFG,0.908519
YLEAGPVTA,CASSYLTKEKLFF,0.05824064
MLSILALVRV,CASIGVSYEQYF,0.5916037
MLSILALVRV,CSARPPQQVNNSPLHF,0.12327449
FDVMVMPNL,CASRGQNTGELFF,0.68097013
FDVMVMPNL,CAWSPRTGSNSPLHF,0.19899245
GAVECCPNC,CASSVLNTGELFF,0.90782815
GAVECCPNC,CSVDRHPGPRRGYTF,0.053293385
LLIASVTWL,CATSGTGGTGELFF,0.77588916
LLIASVTWL,CSVEGLAGRGYNEQFF,0.24473895
LLIASVTWL,CASTQREGLGTKNIQYF,0.13396311
LLIASVTWL,CASSIGRSRGLGNQPQHF,0.3628436
VLFHRAFLV,CSARWDRVSSSTDTQYF,0.1760836
VLFHRAFLV,CASSDGRADTQYF,0.6408472
VLFHRAFLV,CASREGTEAIDTEAFF,0.28996262
VLFHRAFLV,CATSRPTDWVETQYF,0.32933608
VLFHRAFLV,CASSPLGLAEQETQYF,0.46491766
VLFHRAFLV,CASSEGWVDTQYF,0.6866538
VLFHRAFLV,CASSSPGQGYYEQYF,0.5734774
VLFHRAFLV,CASSPPGSDEKLFF,0.433604
VLFHRAFLV,CSSQPGLMWGNEQFF,0.1497248
VLFHRAFLV,CASSYSSQAAHYGYTF,0.4834272
VLFHRAFLV,CASSRLTLRAGLNGELFF,0.067079894
VLFHRAFLV,CASTPLGGGGDTQYF,0.5070044
VLFHRAFLV,CASSLAGDERAYEQYF,0.24897417
VLFHRAFLV,CAWSQNVGTGIGEKLFF,0.16953787
KINAWIKVV,CSAFSSGTGGVTGELFF,0.25953215
KINAWIKVV,CASSPRVSGGSNQPQHF,0.27545843
IPLTEEAEL,CASRTRGGTLIEQYF,0.20248643
IPLTEEAEL,CASSYVTSGRVPYEQYF,0.17111701
YMFLASPSV,CASSPYSGANVLTF,0.67562264
YMFLASPSV,CASSHGCIVRDNLNQPQHF,0.4845755
ALEPGPVTA,ASSFIGGTDTQY,0.9009001
ALEPGPVTA,CASSLERRNNDQGYTL,0.046447936
RMAAISNTV,CASSLIDTGELFF,0.67269194
RMAAISNTV,CASSLAQSDSLAFF,0.43802366
RMAAISNTV,CASSSGTSGSIETQYF,0.5532166
RMAAISNTV,CATSEPGHARGQYF,0.20677447
GILEFVFTL,ASSSRSSYEQY,0.92750055
GILEFVFTL,CASSTRDRVYEQYV,0.19055136
FIFSYVVAV,CASSLSVFPGRAEQYF,0.24279347
FIFSYVVAV,CASSIEGGRLDEQYF,0.6757343
YMDGTMSQV,CSVTGTGLFDEQYF,0.6235854
YMDGTMSQV,CASSQEGPSGDLNTEAFF,0.47980618
KLSREIMPV,CASRGTGTGSYEQYF,0.34535444
KLSREIMPV,CASSLASEQYF,0.8091746
KLSREIMPV,CASDSGQGYEQYF,0.63567513
KLSREIMPV,CASTRSIEAFF,0.48020887
KLYGLDWAEL,CASSERGMVEAFF,0.87549865
KLYGLDWAEL,CSARGVAGVANTGELFF,0.32259223
AVYDGREHTV,ASSSDQNSGDPYEQYF,0.4500247
AVYDGREHTV,CAAAKREDYGYTF,0.13772279
LLLNMLIVL,CASSEELYNEFF,0.9309242
LLLNMLIVL,CASSSESGELFF,0.90772885
LLLNMLIVL,CASSSRLVRRGTGELFF,0.10715375
LLLNMLIVL,CASSPGTGEVYEKLFF,0.5627926
KLNTITPVV,CASSLETGGWETQYF,0.68305653
KLNTITPVV,CASSPTSGGYEQYF,0.8001631
KLNTITPVV,CASSQVPGSYEQYF,0.7951478
KLNTITPVV,CSDGTGDGYTF,0.6390882
KLNTITPVV,CASSFSVWDSNQPQHF,0.34673926
KLNTITPVV,CASMRPTSYEQYF,0.48138395
KLNTITPVV,CASSEYQEPYNEQFF,0.63760585
KLNTITPVV,CASSLDLLDQPQHF,0.4764077
KLNTITPVV,CASSQQGNRGNTEAFF,0.22634263
KLNTITPVV,CASSYEAQGGGSPLHF,0.23881346
KLNTITPVV,CASSSPGVSAEQYF,0.76870424
KLNTITPVV,CASSSLGPQRSDFYEQYF,0.47369304
KLNTITPVV,CASSQTNAGRVQYF,0.40705636
KLNTITPVV,CASSLVAGIPGANVLTF,0.16388477
SLAPLSPRA,CASSQGTGGIVDIQYF,0.537319
SLAPLSPRA,CASSQEVGSSYNSPLHF,0.5290361
SLAPLSPRA,CASSLGPSLYEQYF,0.7609115
SLAPLSPRA,CSVEEGDRETNEQFF,0.15049243
SLAPLSPRA,CAIRKIRPTSGMNEQFF,0.0729792
SLAPLSPRA,CASSQEEAVLETQYF,0.513316
YLDELIRNT,CASSALAGGYNEQFF,0.6431309
YLDELIRNT,CASSWDRGTYEQYF,0.7997161
YLDELIRNT,CSARDPFSGGAAGELFF,0.3528834
YLDELIRNT,CATSRAPTGSQETQYF,0.25986704
RPHERNGFTV,CASSPHRNTEAFF,0.52846074
RPHERNGFTV,CASSQAALAGFGYEQYF,0.15000355
RPHERNGFTV,CASSPDLTKNIQYF,0.20706634
RPHERNGFTV,CAWSRNIGSSGGFYNEQFF,0.030711202
AAFKRSCLK,CASSQGFGANVLTF,0.4864754
AAFKRSCLK,CASVSGQGVSPLHF,0.37962088
AAFKRSCLK,CASRQGTSDTDTQYF,0.3713319
AAFKRSCLK,CAWKGQGVPPLHF,0.46178475
LVMPFSIVYI,CASSLTGLLNTEAFF,0.68746066
LVMPFSIVYI,CASRPQRQIYEQYF,0.67317426
LLAMKVPNV,CAQGDYNEQFF,0.8085788
LLAMKVPNV,CASGSRQVQGQETQYF,0.19329515
CLGGLLTMV,CASSYSFGGAPAQETQYF,0.42519578
CLGGLLTMV,CASSLGQGVLSDTQYF,0.6130409
CLGGLLTMV,CASSSEGQASSYEQYF,0.5137939
CLGGLLTMV,ASSYVSQNNEQF,0.9283685
CLGGLLTMV,CSVMLANQETQYF,0.7578352
CLGGLLTMV,CASSLDSILNYGYTF,0.63301194
CLGGLLTMV,CSARSDNTDTQYF,0.7235609
CLGGLLTMV,CASSKRTGRGISDTQYF,0.2309823
CLGGLLTMV,CASSTRSGADTDTQYF,0.45652676
CLGGLLTMV,CASSLVLAGGPGNTQYF,0.39881933
ALSYTPAEV,CASSLGQEIPYYGYTF,0.393094
ALSYTPAEV,CASSTQGTGVYNEQFF,0.4370038
ALSYTPAEV,CASSMRGWSSGNTIYF,0.12215758
ALSYTPAEV,CASSLGLGGAFDEQYF,0.45626923
FLNDLLSVL,CASSESSSTGGKWDTQYF,0.32474193
FLNDLLSVL,CASSLTGGRDNSPLHF,0.4952514
YLLAIFSGL,CASTLGQGNTEAFF,0.65661734
YLLAIFSGL,CASSVPFQGSTDTQYF,0.5472238
YLQDSMATT,CASSVEGSSYNEQFF,0.7174509
YLQDSMATT,CASSQAGTSGRGGDTQYF,0.28341264
QLLVSLWGL,CSARDPVGGSNTGELFF,0.37580252
QLLVSLWGL,CASSYSAGTSGFTGELFF,0.64793825
WLSLLVPFV,CASSQTIGTGFSNEQFF,0.6238326
WLSLLVPFV,CTSNRGAGGYTF,0.49394703
FLNDLLSVM,CASSIGTVNRGPNTEAFF,0.19802034
FLNDLLSVM,CASSYGLGEGEAFF,0.622734
NNILIATCV,CASRGQNTGELFF,0.78235495
NNILIATCV,CSARDLQGEEPQHF,0.55183333
FLKETGGL,CASSYLPGQGDHYSNQPQHF,0.39549106
FLKETGGL,CASSFEPGQGFYSNQPQHF,0.6982876
FLKETGGL,CASRRYRGQLAGNTIYF,0.08317043
FLKETGGL,CASSLAGPGGAWFGYTF,0.56877583
KLMNIQQQL,CASRGGDGETQYF,0.61518943
KLMNIQQQL,CASGKGDTEAFF,0.4682901
KLMNIQQQL,CASSYNSMNTEAFF,0.641752
KLMNIQQQL,CASSLGPGGASYTF,0.5748224
KLMNIQQQL,CASGDLSYEQYF,0.8084059
KLMNIQQQL,CSVEGLRGGNEQFF,0.42788932
KLMNIQQQL,CASTDTGELFF,0.7642384
KLMNIQQQL,CASSPGSAGVAIEQYF,0.40719622
KLMNIQQQL,CASSVEAQISSSDTQYF,0.22874472
KLMNIQQQL,CSARRPGTSPDTQYF,0.28091034
KLMNIQQQL,CATIDPTGIHSPLHF,0.24531923
KLMNIQQQL,CAKDRPAGRDEQFF,0.07216085
KLMNIQQQL,CASSIPQEWSPLHF,0.4748879
KLMNIQQQL,CASSSDGLAVSQFF,0.65952104
YHSIEWAI,CASSPGPNQPQHF,0.8764413
YHSIEWAI,CASRLLRLAGGGGNEQFF,0.3770908
ILLDWAANI,CASSGDKNEAFF,0.80507237
ILLDWAANI,CASTRTSGGINEQFF,0.4820408
RKTVRARSRTPSCRSRSHTPSRRRR,CASSRDRSNEQFF,0.0456679
RKTVRARSRTPSCRSRSHTPSRRRR,CASSFIRTGQYF,0.042329136
RKTVRARSRTPSCRSRSHTPSRRRR,CASSSGGGAEWETQYF,0.036314998
RKTVRARSRTPSCRSRSHTPSRRRR,CASSSWSPHGNEQFF,0.046803012
FLFTFFASI,CSAIVFSRGGDEQFF,0.20418625
FLFTFFASI,CASSLLHLEKLFF,0.3104737
YVVTWIVGA,CASLEAGGETQYF,0.6724109
YVVTWIVGA,CASSQPGAWGLEQFF,0.6889169
APRGPHGGAASGL,CAILGQGYGYTF,0.08971529
APRGPHGGAASGL,CASSQRQEGDTQYF,0.08969243
APRGPHGGAASGL,CASSGGHTGSNEQFF,0.10775454
APRGPHGGAASGL,CASQTFSPGQTQF,0.1674851
APRGPHGGAASGL,CASSSSYSNQPQHF,0.27368444
APRGPHGGAASGL,CASSSGTVLDEQYF,0.28704938
APRGPHGGAASGL,CASSILFVDRGVGGYTF,0.02244073
APRGPHGGAASGL,CASSMPPYNEQFF,0.26087213
APRGPHGGAASGL,CSALSRGLTEAFF,0.097871654
APRGPHGGAASGL,CASSLAGGFSIYEQYF,0.09852348
LAMPFATPM,CASSLGTSGIQFF,0.8027662
LAMPFATPM,CASSLSAPFYGYTF,0.4916533
CLLGTYTQDV,CSVDLEANYGYTF,0.5832406
CLLGTYTQDV,CATSGNDRGYEQYF,0.5208819
LMMPFSIVYI,CASSLSWEYEQYF,0.61065084
LMMPFSIVYI,CASSQGLNPGQGLDTEAFF,0.29485282
LMMPFSIVYI,CASRAPGTGEGYTF,0.45318082
LMMPFSIVYI,CASSQVQGWESPLHF,0.44154692
YLEPGPVAA,ASSFIGGTDTQY,0.93619776
YLEPGPVAA,CASSPGTGGISEQFF,0.53079253
LLAIKVPNV,CAQGDYNEQFF,0.83209753
LLAIKVPNV,CASSMSGWGDTQYF,0.6017577
LLAIKVPNV,CASSQDPRQGFIRNEQFF,0.14426516
LLAIKVPNV,CASSRNRGLAGHNEQFF,0.0959214
FLNVLFPLL,CASSRGLQETQYF,0.6132149
FLNVLFPLL,CASSIGLNTEAFF,0.9113727
FLNVLFPLL,CASSAGQGVGYTF,0.69084287
FLNVLFPLL,CASSPPTGAGTYEQYF,0.53941536
GTSGAPIVNR,CASTTGGGGYEQY,0.50393826
GTSGAPIVNR,CASSYKGGPPYEQYF,0.36378658
FLKEQGGL,CASSFEAGQGFFSNQPQHF,0.73931336
FLKEQGGL,CASSFEPGQGFYSNQPQHF,0.76550436
FLKEQGGL,CASSQEEVQETQYF,0.6787535
FLKEQGGL,CASSFVLAGGGTGELFF,0.46156487
KTVGIYPNA,CASSIIAGSSYNEQFF,0.4617713
KTVGIYPNA,CASSLDRPYIYGYTF,0.34955004
TAMDIFVTV,CSARDWGYEQYF,0.7973959
TAMDIFVTV,CASSGGQGWTDTQYF,0.6001739
TAMDIFVTV,CASSTPGQQSEQYF,0.69133985
TAMDIFVTV,CASSSGILGADTQYF,0.54859316
FIDCYLLAI,CASDSNYGYTF,0.79926276
FIDCYLLAI,CASSQVLAGGKKETQYF,0.2798521
ILIVMVPFL,CASSPGTTTNEKLFF,0.64178383
ILIVMVPFL,CASSLRWTGGTQETQYF,0.4368928
YLLFMIGYT,CASSVTGRWVPLHF,0.56233484
YLLFMIGYT,CASSHSWGETQYF,0.59158885
YLLFMIGYT,CSATEGIGLETQYF,0.33555952
YLLFMIGYT,CASSYGRQRGDTQYF,0.4154402
LLAILTYYV,CSASFHNGFWGGTEAFF,0.10269517
LLAILTYYV,CASTVRQGSNQPQHF,0.33649352
LLAILTYYV,CASSPTGTGGSDTQYF,0.37550092
LLAILTYYV,CASSQAGEQYF,0.87357455
LLAILTYYV,CASSLVRDRHTEAFF,0.194338
LLAILTYYV,CASSADEGALTEAFF,0.34103495
LLAILTYYV,CSAKGLERTDTQYF,0.28277758
LLAILTYYV,CASIGPGGQSGELFF,0.33611578
LLAILTYYV,CAIADSTGTEAFF,0.6614836
LLAILTYYV,CATSEVQRGKQYF,0.4010027
VVTGVLVYL,CASSQDPGNGNTIYF,0.55147475
VVTGVLVYL,CASSLVGGITGELFF,0.76507944
VVTGVLVYL,CASSYLFIGVVLYGYTF,0.62169605
VVTGVLVYL,CAWSALSNTEAFF,0.77109766
VLNPFIYTL,CASSQEGRQGSYNEQFF,0.4002912
VLNPFIYTL,CASSAAGQELGYTF,0.4785541
VLNPFIYTL,CASSQNWGQADVGYTF,0.4747136
VLNPFIYTL,CASSVASGGSRDTQYF,0.35720152
GLMAIAWFI,CSARAGLRESTDTQYF,0.17897624
GLMAIAWFI,CASSPLPRTGEYEAFF,0.62678516
EIQEFCPNT,CASSVLNTGELFF,0.88726425
EIQEFCPNT,CASRSQNYYGYTF,0.62296593
EIQEFCPNT,CAIRQFDANTGELFF,0.567781
EIQEFCPNT,CASRGQNTGELFF,0.7664366
EIQEFCPNT,CASSILGASNQPQHF,0.6322782
EIQEFCPNT,CASSIIAGSSYNEQFF,0.71477866
EIQEFCPNT,CASSGGVAIAGEEKETQYF,0.13176553
EIQEFCPNT,CASSYSLDRATYEQYF,0.23780924
EIQEFCPNT,CAIRPSRGAGELFF,0.32771713
EIQEFCPNT,CAIAGTASSYNEQFF,0.49039268
EIQEFCPNT,CASSISGGNTQYF,0.8689082
EIQEFCPNT,CASSNGPIPLEAFF,0.72740763
FMIGYASAL,CASSFGSGNTIYF,0.824305
FMIGYASAL,CASSQETPRGGLPSYEQYF,0.19059171
LLFGMTPCL,CASSPDPYEQYF,0.8612239
LLFGMTPCL,CASSPSPGSEQYF,0.82829106
LLFGMTPCL,CASSNLGGTDTQYF,0.7084287
LLFGMTPCL,CASSSLGDSYEQYF,0.7505931
LLFGMTPCL,CASSQDWGNEQFF,0.8919984
LLFGMTPCL,CASSLGAEQYF,0.823471
LLFGMTPCL,CASSTGGSRGEQFF,0.5144402
LLFGMTPCL,CSARDLAGGKGQETQYF,0.21848427
LLFGMTPCL,CTSSSRRGGPGETQYF,0.13863783
LLFGMTPCL,CASSSWGQGLTEAFF,0.5719341
LLFGMTPCL,CASSYPTDKNSKTQYF,0.23570731
LLFGMTPCL,CAWSRDLGAYEQYF,0.37251016
YVLTWIVGA,CASSHETGELFF,0.7049736
YVLTWIVGA,CASSVGNTEAFF,0.8750932
YVLTWIVGA,CASLEAGGETQYF,0.63851345
YVLTWIVGA,CASSPHSGGDPRNEQFF,0.25927398
YVLTWIVGA,CASSRETGIGTEAFF,0.34063172
YVLTWIVGA,CAILIGGETQYF,0.4783275
YVLTWIVGA,CSANTAQETQYF,0.6191519
YVLTWIVGA,CASTSDRVLNSPLHF,0.2931604
SILDAVQRV,CATSRTDISYEQYF,0.5129049
SILDAVQRV,CAWSVLGGRRNAIYF,0.063004464
CLLWSFQTSA,CASSQDQGITEAFF,0.6274804
CLLWSFQTSA,CASRTTRGANVLTF,0.27228495
ESEERPPTPY,CASSWEGQYNEQFF,0.6875063
ESEERPPTPY,CASSYGIYEQFF,0.75548595
ESEERPPTPY,CASSHSTGRPSEQYF,0.15597488
ESEERPPTPY,CSARVDWANTEAFF,0.23191702
CFLLILPNC,CASSVLNTGELFF,0.8654887
CFLLILPNC,CASSDTPDLNTEAFF,0.6109908
CFLLILPNC,CASRSQNYYGYTF,0.5390626
CFLLILPNC,CASSILGASNQPQHF,0.5344354
CFLLILPNC,CAISARDQNTGELFF,0.40628675
CFLLILPNC,CSARAGTGVEETQYF,0.42859223
CFLLILPNC,CASSDGEEGSYEQYF,0.57926816
CFLLILPNC,CASSARQEGRAFF,0.22212943
CFLLILPNC,CASSETGNPGYTF,0.6793973
CFLLILPNC,CASRAGAVYEQYF,0.5912372
IMIEFCPGG,CASSIIAGSSYNEQFF,0.7659226
IMIEFCPGG,CSARKAGRTFGNQPQHF,0.034644313
GTSGSPIVAR,CASTTGGGGYEQY,0.5386963
GTSGSPIVAR,CASSPEATGGYNEQFF,0.42368475
KLPLDINPV,CAISRGDTEAFF,0.46760857
KLPLDINPV,CAISPLTGITDTQYF,0.37947237
GTSGSPIVDR,CASSLGQGLLYGYT,0.34786314
GTSGSPIVDR,CASSENWQGNYGYTF,0.42470035
RCMLQCPSV,CAIRQFDANTGELFF,0.60867137
RCMLQCPSV,CASSWTGGGGGSGYTF,0.316969
VLMGGVPGVE,CASSFWGLGELFF,0.8386607
VLMGGVPGVE,CSVDGDVGANYGYTF,0.26046765
ILLDWAANV,CASSGDKNEAFF,0.72345257
ILLDWAANV,CSAIFARKDGYTF,0.24484234
AVGSHVYSV,CASSVDGGPQETQYF,0.5275233
AVGSHVYSV,CASGRTGEGFTEAFF,0.21644615
ALIHHNTHL,CASSIESGSKQRNEQFF,0.5593937
ALIHHNTHL,CASSLAVQRPSGNTIYF,0.41760552
ALIHHNTHL,CSVGPGVDTQYF,0.73185456
ALIHHNTHL,CASSFGGSGFGYTF,0.76294154
FIDQYYSSI,CASSFWSGGTYEQYF,0.75930727
FIDQYYSSI,CASSSIPTDPISSYNEQFF,0.6648559
KLFEFLVHGV,CASSLGDPNTEAFF,0.6612908
KLFEFLVHGV,CASSQGALGYTF,0.72857106
KLFEFLVHGV,CACHRGVEQFF,0.49040672
KLFEFLVHGV,CASSGGQGVRTNEKLFF,0.12505677
AEMEFCPCC,CASRSQNYYGYTF,0.64859027
AEMEFCPCC,CAIRQFDANTGELFF,0.63475084
AEMEFCPCC,CASRGQNTGELFF,0.7614952
AEMEFCPCC,CASSILGASNQPQHF,0.609833
AEMEFCPCC,CASSIIAGSSYNEQFF,0.71557564
AEMEFCPCC,CASSSGNPSTDTQYF,0.6804234
AEMEFCPCC,CASREDADETQYF,0.6302394
AEMEFCPCC,CASQPRQSTDTQYF,0.3749747
AEMEFCPCC,CASSQDEGQGSSPLHF,0.3459288
AEMEFCPCC,CASSYSVTHMNTEAFF,0.353851
AEMEFCPCC,CATSIGQSQETQYF,0.7731232
AEMEFCPCC,CAIGLAGYEQYF,0.615605
AMAGSLVFL,CASSPTPGTGETQYF,0.6725641
AMAGSLVFL,CASSLRMMEGYTF,0.4294114
SSCMGGMNWR,CASSLGTGSTDTQYF,0.49854437
SSCMGGMNWR,CASYREHQDEQYF,0.24912558
KLLEIAPNC,CAIRQFDANTGELFF,0.60774684
KLLEIAPNC,CASRGQNTGELFF,0.7596957
KLLEIAPNC,CASSILGASNQPQHF,0.59557545
KLLEIAPNC,CAISARDQNTGELFF,0.51022655
KLLEIAPNC,CASSIIAGSSYNEQFF,0.7200753
KLLEIAPNC,CASSDTPDLNTEAFF,0.69446063
KLLEIAPNC,CASSSGNPSTDTQYF,0.62878764
KLLEIAPNC,CASTWGPRGGASEQYF,0.1806549
KLLEIAPNC,CASSYRQAENSPLHF,0.3610534
KLLEIAPNC,CASSELRDSDTEAFF,0.6312002
KLLEIAPNC,CARRPDRGNGYTF,0.3438001
KLLEIAPNC,CASSLVQGLGAYNEQFF,0.2977597
KLLEIAPNC,CASSQAQFQYNEQFF,0.7175834
KLLEIAPNC,CASGTSRLKDTQYF,0.30865532
FLKEMGGL,CASSYLPGQGDHYSNQPQHF,0.5129846
FLKEMGGL,CASSFEPGQGFYSNQPQHF,0.7549438
FLKEMGGL,CASVPGHSGSPLHF,0.35079908
FLKEMGGL,CASSRFGQSISNQPQHF,0.24163555
FLTYLDVSV,CASNSGGAYNEQFF,0.68097246
FLTYLDVSV,CASSVESGEQYF,0.894899
FLTYLDVSV,CASSVGTGYEQYF,0.8760284
FLTYLDVSV,CASAERVLGANEKLFF,0.09889093
FLTYLDVSV,CASSYPQISGRRSEQFF,0.23797943
FLTYLDVSV,CASSSEQGLRKLFF,0.5630302
NMIHFAPNV,CASSVLNTGELFF,0.84847057
NMIHFAPNV,CASRGQNTGELFF,0.7031246
NMIHFAPNV,CASSSGNPSTDTQYF,0.65511006
NMIHFAPNV,CASSIIAGSSYNEQFF,0.687528
NMIHFAPNV,CASRALTRMKGDEQYF,0.07374181
NMIHFAPNV,CSAEASAEGDTQYF,0.20660888
NMIHFAPNV,CASRRRGGARTEAFF,0.10370113
NMIHFAPNV,CASSSRRTSGRALVPYEQYF,0.04030597
YLEPGAVTA,ASSFIGGTDTQYFG,0.7841295
YLEPGAVTA,CASSDPEYANTGELFF,0.068033524
LIFNMLYWI,CASFNTGELFF,0.7863649
LIFNMLYWI,CASSQVTQNTGELFF,0.7011241
FIYQYYSSI,CASSQEPSLNTEAFF,0.68105704
FIYQYYSSI,CASTLGQGNTEAFF,0.8196706
FIYQYYSSI,CANARDSNQPQHF,0.52181494
FIYQYYSSI,CASSPRNPLGVETQYF,0.392541
ILNVDVFTL,CAWSVSVYYGYTF,0.6507844
ILNVDVFTL,CASSLGPMEENIQYF,0.6864345
ILNVDVFTL,CASSIFTRRGYEQYF,0.5644915
ILNVDVFTL,CASRMGSTAFF,0.8510732
ILNVDVFTL,CSVRLTDYNEQFF,0.84545636
ILNVDVFTL,CASSSQGGAKNEQYF,0.544083
ILNVDVFTL,CSARDEKVFGEQYF,0.506628
ILNVDVFTL,CASSMLGRGDTDTQYF,0.44562227
ILNVDVFTL,CASSQVFKARGQAQDHNEQFF,0.07925965
ILNVDVFTL,CAISRTSGTTSSYNEQFF,0.2532453
ILNVDVFTL,CASSEQQGVGANVLTF,0.41507685
ILNVDVFTL,CASGQDRGLNTDTQYF,0.30831704
VYALIAGATL,CASHPVGSLTDTQYF,0.41848275
VYALIAGATL,CASSLSYLNEQFF,0.8701803
VYALIAGATL,CASSLMRTLHSEAFF,0.32053813
VYALIAGATL,CATSQRTGRQETQYF,0.17830858
FYGKTILWF,CASSLGQGCSNQPQHF,0.5062893
FYGKTILWF,CASSLGAAPQETQYF,0.5070337
FYGKTILWF,CAWSPPGGARNYGYTF,0.18601313
FYGKTILWF,CASSSPASRLAGSPYEQYF,0.32951587
TLNAWVKVV,CASSEEGAWNTGELFF,0.47636396
TLNAWVKVV,CSARDAGGDYGYTF,0.25339943
TLNAWVKVV,CASKARQSTGELFF,0.38128996
TLNAWVKVV,CASRARDLTTRDSYNEQFF,0.11323188
FLDEFMEAV,CASSLVTGGGEAFF,0.7641907
FLDEFMEAV,CASSEYAGGPGNTIYF,0.50237393
KLSHQLVLL,CSATSGTDTQYF,0.7474845
KLSHQLVLL,CASSSTGALYEQYF,0.7432738
KLSHQLVLL,CASSASSGRVWYF,0.71748376
KLSHQLVLL,CASSLLDRVYTF,0.7043786
LMVLHSPSL,CASSFFPGELFF,0.9283642
LMVLHSPSL,CASSLGPFGNSPLHF,0.48234054
TMSFSHLFYL,CASSPDPSGNEQFF,0.8365707
TMSFSHLFYL,CAWSRSLISYYGYTF,0.3049424
FLFMYLVTV,CASSYTGWHEQYF,0.7751445
FLFMYLVTV,CASSVDFGRTYNEQFF,0.5039113
FLFMYLVTV,CSANTGSVVYTF,0.5423724
FLFMYLVTV,CASSKKFGTRDQETQYF,0.37682185
GPGMKARVL,CASSQETGDTQYF,0.720711
GPGMKARVL,CASSLETGDEQYF,0.7916481
GPGMKARVL,CASSPFLAGYSYNEQFF,0.3223624
GPGMKARVL,CASTPDRGKRYTEAFF,0.056480553
VQYLGMFPV,CASSLGQGYNEQFF,0.80628467
VQYLGMFPV,CASSTPGGWNTEAFF,0.6489036
VQYLGMFPV,CASSRRDRGQADTQYF,0.22100364
VQYLGMFPV,CASSYYGVNGANVLTF,0.51421845
LLAILPYYV,CASSITFSDTQYF,0.8254387
LLAILPYYV,CASSLTGATDTQYF,0.75751716
LLAILPYYV,CSARDPTSGGATGELFF,0.3541495
LLAILPYYV,CASSSPSQGITGELFF,0.43628284
LLAILPYYV,CSVEGPSRAEAFF,0.31840506
LLAILPYYV,CASTPGGTGGKTQYF,0.170809
LLAILPYYV,CASTVLDTEAFF,0.7310017
LLAILPYYV,CASSYPRAGAGFCEQFF,0.5616202
KLNTITAVV,CASSLETGGWETQYF,0.7206575
KLNTITAVV,CSDGTGDGYTF,0.6382691
KLNTITAVV,CANSFGGDGAGELFF,0.5279571
KLNTITAVV,CASSSIGVLNEKLFF,0.67720777
VLNYFKPYL,CASSRIANNNNEQFF,0.4148402
VLNYFKPYL,CASSIAVSLAKNIQYF,0.20463802
VLNYFKPYL,CASSLLGQSTNEKLFF,0.33374903
VLNYFKPYL,CSASSPDREADGYTF,0.157032
VLNYFKPYL,CASRGGGGFYEQYF,0.3678853
VLNYFKPYL,CASSLGTSSTDTQYF,0.60399014
VLNYFKPYL,CASMRRQGARGTSLRNEQFF,0.005456552
VLNYFKPYL,CASSPLQGSDNYGYTF,0.410499
VLNYFKPYL,CASSLGGLGVSYNEQFF,0.43240058
VLNYFKPYL,CAWSSQGAGTGELFF,0.31919825
VLNYFKPYL,CSAYWPDFKNIQYF,0.15889731
VLNYFKPYL,CSANREINRNEQYF,0.06664467
SIIGRLLEV,CASSYRFDSPLHF,0.53471386
SIIGRLLEV,CASVLGGSSYNEQFF,0.47106826
SIIGRLLEV,CASSYLGTGSGANVLTF,0.33196428
SIIGRLLEV,CASSRGPAEEAFF,0.5106482
LLFGFPVYV,CASRPGLAGGRPEQYF,0.09744207
LLFGFPVYV,CSVETGAFEAFF,0.41990036
HMTEVVRHC,CASSLDPGDTGELFF,0.4811283
HMTEVVRHC,CASSIQQGADTQYF,0.6024649
HMTEVVRHC,CASSIWTAVNGANVLTF,0.15794401
HMTEVVRHC,CASSYSAGTGGSYEQYF,0.38492134
VLENFTIFLV,CASSSQELTEAFF,0.7664419
VLENFTIFLV,CASSEGQGYEQYF,0.8665208
VLENFTIFLV,CASSRKGNSNQPQHF,0.5340617
VLENFTIFLV,CASRLRGIRDQPQHF,0.25321418
YLEPGPATA,ASSFIGGTDTQY,0.9197477
YLEPGPATA,CASSLNGHPYPTYGYTF,0.20542005
VMAPRTLIL,CASSQDRDTQYF,0.62406695
VMAPRTLIL,ASSANPGDSSNEKLF,0.65498143
VMAPRTLIL,CAWWRGTGAYEQYF,0.090191014
VMAPRTLIL,CASSREGFSNQPQHF,0.34342304
TMAAISNTV,CASSFLLYNEQFF,0.9046837
TMAAISNTV,CASSELQVIAKNIQYF,0.26349986
CCIEVINNT,CASSDTPDLNTEAFF,0.7519385
CCIEVINNT,CASRGQNTGELFF,0.80135256
CCIEVINNT,CASSSGPWTSGYEQYF,0.46724963
CCIEVINNT,CASSYRPGQRNMNTEAFF,0.13418491
FILDAVQRV,CASSEIASYNEQFF,0.63234377
FILDAVQRV,CASSSLRTGSNTEAFF,0.45884025
GQFLTPNSH,CASRFVAPSDGYNEQFF,0.3005966
GQFLTPNSH,CAISEVGTGSSGNTIYF,0.36377135
GQFLTPNSH,CASSLIAAGGNSPLHF,0.25325173
GQFLTPNSH,CSAPTGGFSYEQYF,0.45637354
LHMEFCSCC,CASSVLNTGELFF,0.90094763
LHMEFCSCC,CASRISGGVTEQYF,0.68204945
LLAGTLAVV,CASSPGQAEPQHF,0.4880895
LLAGTLAVV,CASSEKPDTQYF,0.6068144
LLAGTLAVV,CSATLDRNYGYTF,0.28449044
LLAGTLAVV,CASSDGTADKTGNTIYF,0.21214661
LLAGTLAVV,CAISPAGGPGTNTEAFF,0.19393273
LLAGTLAVV,CASSYQTGWDATNEKLFF,0.2698869
ALIHHNTYL,CASSIESGSKQRNEQFF,0.67486775
ALIHHNTYL,CASSLAVQRPSGNTIYF,0.5622011
ALIHHNTYL,CSARRTSGGHPPWDTQYF,0.14179564
ALIHHNTYL,CSARGSGWSYEQYF,0.65965915
APARLERRHSA,CASRAVINTDTQYF,0.21552092
APARLERRHSA,CASRDGRVHQPQHF,0.096089706
APARLERRHSA,CASSGDKGTRGETQYF,0.06280662
APARLERRHSA,CASSVEFRAYEQYF,0.33041227
LIFNMFYWI,CATSGGQSNEKLFF,0.6681231
LIFNMFYWI,CASSLGDTRIRDF,0.6555071
