Peptide,CDR3
FVYVFTTHL,CASSFNYNEQFF
FVYVFTTHL,CASSYREVRSGNTIYF
KLAKPLPYT,CASDPDSLIHNTGELFF
KLAKPLPYT,CASAATGIVTGELFF
HQNPVTGLLL,CASSPGREQYF
HQNPVTGLLL,CATTGGSEGDEQYF
VLFAAFSSA,CASSQGYEQYF
VLFAAFSSA,CASSTPARRGTQYF
FLGIYTVTVV,CSVPGTAYEQYF
FLGIYTVTVV,CAWSARGGLSGTDTQYF
RYGSFSVTL,CASSLMGGGNTIYF
RYGSFSVTL,CASSFRGATENYGYTF
LLWNTVWNM,CASSSTGGGGELFF
LLWNTVWNM,CAFNRGGNEKLFF
LLFAAFSSA,CASSQDWAASNSPLHF
LLFAAFSSA,CASSFGPRGEDYGYTF
EEAAGIGIL,CASSPHAGGVDEKLFF
EEAAGIGIL,CASSPSLGSGAGELFF
NLAQTDLATV,CASSHRGSGNTIYF
NLAQTDLATV,CASSLAQDPDYGYTF
HIVEISTPV,CASSLRTNSDTQYF
HIVEISTPV,CASSQAAPGTRYGYTF
EFTVSGNIL,CASSPGVGTEAFF
EFTVSGNIL,CASSVDEGGEGLFTDTQYF
KLSELHAYI,CASSFGGASEAFF
KLSELHAYI,CASSLSLLAGDEQYF
LVIGMPPPV,CASSTGADLTYEQYF
LVIGMPPPV,CASSESVFPQETQYF
VYFFLPDHL,CASSLLPEGTGRVSGYTF
VYFFLPDHL,CSAKLSPYEQYF
TLFTMVGTV,CASSPTAEAFF
TLFTMVGTV,CASSLGPSGSYSYNEQFF
QLIPCMDVV,CASSPGPYEQYF
QLIPCMDVV,CASRRAVGNTGELFF
KLSHQPVLL,CASSFSATGELFF
KLSHQPVLL,CASSSPQQGVQETQYF
MEVDPIGHLY,CSANPRTTLYEQYF
MEVDPIGHLY,CASSLESGTGKNQPQHF
RVSTLRVSL,CASSLSWGSSYNEQFF
RVSTLRVSL,CSVHHTPGNTEAFF
YTSEILSPI,CASSALAGGYNEQFF
YTSEILSPI,CAKGQGTTEAFF
RLWEPLRVV,CASSLAAGGGETQYF
RLWEPLRVV,CASSGREKSTEAFF
VLASPSVPL,CASSQGGQDGHGTTNEKLFF
VLASPSVPL,CASSEAVAIADTQYF
QLCDVMFYL,CASSLFTGTNEQFF
QLCDVMFYL,CAGGHNEQYF
FSFPLDFLV,CASSLTGSSDTQYF
FSFPLDFLV,CASSIGTPLNSPLHF
ALLETLSLLL,CSARNRDTYYNEQFF
ALLETLSLLL,CASNPGQGLQPQHF
KIFGSLAFL,CASSLEIFGGIADTDTQYF
KIFGSLAFL,CSATGTHYANYGYTF
YLYDRLLRV,CASSLDQGAQDNEQFF
YLYDRLLRV,CASRGPIEASPLHF
ESITGSLGPLL,CASSPGASYEQYF
ESITGSLGPLL,CASSIPDRDNEQFF
LYPEFIASI,CATSFAPGQGEHGYTF
LYPEFIASI,CATSRDGTSELTDTQYF
ALLQVTLLL,CASSSTDGYQETQYF
ALLQVTLLL,CASSLSGAFSGEQYF
KLLAGDEIV,CAISESKGNYGYTF
KLLAGDEIV,CSSSLGRGTGELFF
YLSNIIPAL,CASSLVSPSEQFF
YLSNIIPAL,CAIRSLDGGTGELFF
RLHDLVFPL,CAITSGFSYEQYF
RLHDLVFPL,CASSLGRDSGGLDTQYF
LLIDLTSFLL,CASSESTIVQGYNEQFF
LLIDLTSFLL,CASSQDRALTTDTQYF
YMLTLHTKL,CASSFGQEEGQPQHF
YMLTLHTKL,CASSLETSGSETGELFF
GLSPNLNRFL,CASSAGLFPEQFF
GLSPNLNRFL,CASSLRVNGRGTDTQYF
YLVALGINAV,CASSFLGTGLNEQYF
YLVALGINAV,CASSLEGVTRQYF
MLIGIPVYV,CASSTSTGQGWHYGYTF
MLIGIPVYV,CSARPRTGTNGYTF
RLHDLVLPL,CATQWTGGHEQYF
RLHDLVLPL,CSARRYSNQPQHF
HRRGSRSYV,CATSSEDSSNQPQHF
HRRGSRSYV,CSAGDGLSPQHF
HQLGGVVEV,CASSMGTGGFYGYTF
HQLGGVVEV,CASRVLAGAGYEQYF
GLLHHAPSL,CASSFEWSYEQYF
GLLHHAPSL,CASRSTPSTYGYTF
FQLNQSFEI,CASSGPIVETQYF
FQLNQSFEI,CSVEIWTGQGAYEQYF
FLWSVFMLI,CASSLAENSGNTIYF
FLWSVFMLI,CASSVPSSGSSYNEQFF
LLFGLALIEV,CASTWTGEQYF
LLFGLALIEV,CASSTSGVKGGYTF
RVRFFFPSL,CASSLASGSNQPQHF
RVRFFFPSL,CASRRTGTADSGNTIYF
FQDYIKSYL,CASSHHSGGIYNEQFF
FQDYIKSYL,CASSEKQVTEAFF
SLLQGSPHV,CASSPPDQVYNEQFF
SLLQGSPHV,CASSVEGAGSSGYNEQFF
NLFNRYLAL,CASSDGNEQFF
NLFNRYLAL,RASSEVANADNEQFF
VMIIVSSLAV,CSVGLGQTGTEAFF
VMIIVSSLAV,CASSLEQGNRLFF
HIAKSPFEV,CASSSGTGAYEQYF
HIAKSPFEV,CASSRLLGTSYNSPLHF
ALGIGILTV,CASSFLGTGVEQYF
ALGIGILTV,CSVEVGAMNTDAFF
SLDPTTSPV,CASSTINTNSPLHF
SLDPTTSPV,CASSEEALNQETQYF
RLDAMNGQL,CASSRDTVNTEAFF
RLDAMNGQL,CACAAWGAENQPQHF
YMGVSYEM,CASSLVNGLGYTF
YMGVSYEM,CASSFPVQSSPQGGYTF
SYMIMEIE,CASRDHRVIYGYTF
SYMIMEIE,CSAESGQVSNSPLHF
RLLQCTQQAV,CASSPVYGVAYEQYF
RLLQCTQQAV,CSAAPFTEPQETQYF
VLNGTVHPV,CASSESQGDYYGYTF
VLNGTVHPV,CASSPGHSAHEQYF
FRNEGIHL,CASSVGNGASTDTQYF
FRNEGIHL,CASSPTQTGDQPQHF
MPYGYVLNEF,CASRPWTGANEKLFF
MPYGYVLNEF,CASSLFEGRQETQYF
YMLDLQPETT,CASSLLGLIKETQYF
YMLDLQPETT,CASSILLDRVNTEAFF
KMGVTYEM,CASSLVNGLGYTF
KMGVTYEM,CASMTTGHHPLMNTEAFF
AMAVLYLAL,CSAIYREGNTGELFF
AMAVLYLAL,CSAKRAGDEQFF
FVVPYMIYLL,CASSLSGGLLRTGELFF
FVVPYMIYLL,CASSLDRRTGVANTEAFF
NMEYMTWDV,CASSPSGLAGSNLGNEQFF
NMEYMTWDV,CAWRGDRGRTGELFF
FSSEVLNLV,CSVRVGTQYF
FSSEVLNLV,CASRTDGFRGYEQYF
KLVALGINNV,CASSYSPGTGNTIYF
KLVALGINNV,CASSAGDNRETQYF
YLCLQNNFI,CASSLWAGHGYTF
YLCLQNNFI,CASSAEWTSSDEQYF
ILCETCLIV,CASSDLPGAPTDTQYF
ILCETCLIV,CASSHNPTGTLINTEAFS
YMGVVYEM,CASSLVNGLGYTF
YMGVVYEM,CASSTKTSGGGETQYF
SLLLLSVSV,CSVPVFGRGTGELFF
SLLLLSVSV,CASRADGMGSGELFF
RSGGFSFGK,CASSPNPQGANMDTQYF
RSGGFSFGK,CSVHGTGGTEAFF
HIMPDTAEI,CSVRSGNEQFF
HIMPDTAEI,CASSLLFLVANTGELFF
RILLVAASY,CASSLYRGKETQYF
RILLVAASY,CASTEGTSGETQYF
KVAELVHFL,CATWDSGNIQYF
KVAELVHFL,CASSPVKTSGQSYEQYF
LLFGPVYV,CASRPGLAGGRPEQYF
LLFGPVYV,CSATQVDGNQPQHF
MMWDRGLGMM,CASSLSFGTEAFF
MMWDRGLGMM,CASRKATGTIGPNTYEQYF
KLTESLHKV,CASSSTRGWADTQYF
KLTESLHKV,CASSTLPFLPQHF
EHEGSGPEL,CASSLAGSKLYEQYF
EHEGSGPEL,CASKPGGVRPQHF
RMDYNNMQM,CASSRDTVNTEAFF
RMDYNNMQM,CASSLEGHTANYGYTF
LLQCTQQAV,CASSQDRGIGYGYTF
LLQCTQQAV,CASTQGLNSYNEQFF
MLMLAVIVA,CASSLGQGDFGETQYF
MLMLAVIVA,CASSYQRIGAEAFF
VPLTEDAEL,CASRTRGGTLIEQYF
VPLTEDAEL,CASSVDMTGGNQPQHF
EVLPFFLFF,CASSHQAGALYNEQFF
EVLPFFLFF,CASSLSHRGRNENTIYF
TLEELDWCL,CASSPSGLAGSNLGNEQFF
TLEELDWCL,CAWSVRTSGGVGDTQYF
QTNPVTLQY,CASSLNSGHTQYF
QTNPVTLQY,CASRGPGALYEQYF
KLEFMDWRL,CASSPSGLAGSNLGNEQFF
KLEFMDWRL,CASSEARTDYNEQFF
TYDTVHRHL,CASSLDREDEQYF
TYDTVHRHL,CAISGWGGLASEETQYF
TMDFYQGQL,CASSRDFVSNEQYF
TMDFYQGQL,CASSPTGEGFNQPQHF
TLYSLTLLY,CATGTGGNDYEQYF
TLYSLTLLY,CARGTEHSYEQYF
KQWLVWLFL,CASSRTSPTDTQYF
KQWLVWLFL,CSVDSPDRDNEKLFF
AMAGSPVFL,CASSHDDRGPNEKLFF
AMAGSPVFL,CASSQDRGGRAQETQYF
RMEQVDWTV,CASSPSGLAGSNLGNEQFF
RMEQVDWTV,CASSFGQGAITGNTIYF
TMETIDWKV,CASSPSGLAGSNLGNEQFF
TMETIDWKV,CASSLLGSLAYEQYF
SMLGIGIVPV,CASSLSFGTEAFF
SMLGIGIVPV,CASTREAPYEQYF
IAMAVLYLA,CASSFGTGGYEQYF
IAMAVLYLA,CASSQDRQGRTHEQYF
CISSCNPNL,CASSFGGGLQETQYF
CISSCNPNL,CAISEIMGHPGVDTEAFF
FLPDLNVNA,CASSLAYRPYEQYF
FLPDLNVNA,CASKRSSLTEAFF
YLLPAIVHI,CASSWDYTEQYF
YLLPAIVHI,CSVIAGSTDTQYF
KLEQLDWTV,CASSPSGLAGSNLGNEQFF
KLEQLDWTV,CASSKRRTGVNYEQYF
SLSKILDTV,CASSPLDVSISSYNEQFF
SLSKILDTV,CASSVTGEFAYEQYF
VLEEVDWLI,CASSPSGLAGSNLGNEQFF
VLEEVDWLI,CASSHPSGRETDTQYF
YLSFYTAEQL,CASRTDRFLGAFF
YLSFYTAEQL,CASSQDFQSSTDTQYF
VLDLFQGQL,CASSRDTVNTEAFF
VLDLFQGQL,CASSSQASGRAKETQYF
TLREIRRYQK,CASSQEFVGAVLDTQYF
TLREIRRYQK,CASSQFTVDSPLHF
WSYDSTLLAY,CASSVERENTGELFF
WSYDSTLLAY,CASRPGGTVTDTQYF
LASYFFWGL,CASSGRSTDTQYF
LASYFFWGL,CASSPTAFGREQYF
EMLFSHGLVK,CASSPGTVKETQYF
EMLFSHGLVK,CSAVLGSNTEAFF
MVNTVAGAMK,CASSVGGGVTDTQYF
MVNTVAGAMK,CASSKGAAISGANVLTF
WLDNFELCL,CASSPSGLAGSNLGNEQFF
WLDNFELCL,CASSEYRGLAGPNTGELFF
KLVALVINAV,CASRRGPYEQYF
KLVALVINAV,CAWSVVGGTYEQYF
ALWGFFPVL,CASSDWVSYEQYF
ALWGFFPVL,CASSMVVEKLFF
SMGVTYEM,CASSLVNGLGYTF
SMGVTYEM,CASSLPGQGSSETQYF
LLFGKPVYV,CASRPGLAGGRPEQYF
LLFGKPVYV,CASSQPGTQAGDTQYF
ALVGAIPSI,CASSFSAREYGYTF
ALVGAIPSI,CASSYAASQTRPGELFF
LLEDLDWDV,CASSPSGLAGSNLGNEQFF
LLEDLDWDV,CASSEGTSGRGQFF
YLSHLPLTCKF,CASSPRPLEGLYGYTF
YLSHLPLTCKF,CASSAGASPAPGELFF
ALWGPDPAA,CASSLVPLSPEQYF
ALWGPDPAA,CASSLADREYNQPQHF
GMDYHNGHL,CASSRDTVNTEAFF
GMDYHNGHL,CASSPQPKGGSPLHF
FMGVTYEM,CASSLVNGLGYTF
FMGVTYEM,CASSLVQGGTNTGELFF
TLEYMDWLV,CASSPSGLAGSNLGNEQFF
TLEYMDWLV,CSVSKDREFRDTQYF
EFFWDANDIY,CASSLGGNLYEQYF
EFFWDANDIY,CASSLGGLEQYV
EMMLFDWKV,CASSPSGLAGSNLGNEQFF
EMMLFDWKV,CASSFLTPHYGYTF
SLLLLPVSV,CASSLSYTPHQPQHF
SLLLLPVSV,CASSYEGRKPQHF
FGDVGSTLF,CASSANRGPDTEAFF
FGDVGSTLF,CASSSPGTSGQGDTQYF
KLSEGDLLA,CASDEKLFF
KLSEGDLLA,CSARDGMAFF
NVEYYDIKL,CASSPSGLAGSNLGNEQFF
NVEYYDIKL,CASSRTSGTSGEKLFF
MLFSHGLVK,CAWSAASGGAQDTQYF
MLFSHGLVK,CSAIALGPGDQPQHF
LMDMHNGQL,CASSRDTVNTEAFF
LMDMHNGQL,CASEGPTEVYEQYF
FMYSDFHFI,CASSPTGTGYNEQFF
FMYSDFHFI,CASSQGPGDQETQYF
YMPTTIIAA,CASSWTGDSNQPQHF
YMPTTIIAA,CASSLELGQLNTEAFF
YLQQNWWTL,CASSGLAGFSPQETQYF
YLQQNWWTL,CASSHDRGGGNEKLFF
SLLQGSPHL,CASSPPDQVYNEQFF
SLLQGSPHL,CASSYQVAGDSETQYF
NLVGMVATV,ASSPVTGGIYGYT
NLVGMVATV,CASSASGSPYEQYF
RIAAWMATY,CASSPGGGASYEQYF
RIAAWMATY,CASSDNGQGIYGYTF
WLWEPLRVV,CASTLGQGNTEAFF
WLWEPLRVV,CASSHLPSRDYEQYF
RLLCALTSL,CSALTGNQPQHF
RLLCALTSL,CASTRTASGNTEAFF
FFAGGIGIRTI,AWSETGLGTGELF
FFAGGIGIRTI,CSVADRLAKNIQYF
NLAPMVATV,CASSLAPGTTNEKLFF
NLAPMVATV,CASSPPMDPSTDTQYF
LLYGFVNYI,ASRPGLAGGRPEQY
LLYGFVNYI,CASSVALQGRGGYTF
HSKKKCDEI,ASSLRGRGDQPQH
HSKKKCDEI,CASSQPRDRPQETQYF
NLVPQVATV,ASSPVTGGIYGYT
NLVPQVATV,CSAPGGGSDTEAFF
LTITPEIRPYF,CASTGSYGYTFGSGTRLTVT
LTITPEIRPYF,CASSLGFGTVNIRPYEQYF
YLNELVVFV,CASSYGQPNTEAFF
YLNELVVFV,CASSYRDGTAGANVLTF
RSFVPEIGMGF,CASTGSYGYTFGSGTRLTVT
RSFVPEIGMGF,CASSPAGSLDNEQFF
LSGSPELRMIF,CASTGSYGYTFGSGTRLTVT
LSGSPELRMIF,CASHRNPGLAGRRIYNEQFF
WTYRPEVRGVW,CASTGSYGYTFGSGTRLTVT
WTYRPEVRGVW,CASSFYCGQVGNQPQHF
ALVPMVATV,CASSLAPGTTNEKLFF
ALVPMVATV,CSVETQEETQYF
LPLKMLNI,CASSSGQVQETQYF
LPLKMLNI,CASSSGRYSSYNEQFF
YVDDVVLGA,CASSYLTGEGDYGYTF
YVDDVVLGA,CATSRSRARHTEAFF
SLYNTVATLY,CASSDSLGDRGSYEQYF
SLYNTVATLY,CASSHDPAGRGEQYF
LGIGVITI,RPGWMAGL
LGIGVITI,CTASRTGGNAEAFF
GSLAPEIRMYW,CASTGSYGYTFGSGTRLTVT
GSLAPEIRMYW,CASSKQGVGDNEQFF
LLHGFSFYL,CATSTRDTGNEQFF
LLHGFSFYL,CSAVLASVGADTQYF
AIMDKNIIL,CASSVDGGSQPQHF
AIMDKNIIL,CASSQGWWEKLFF
SLVALGINAV,CASSFLGTGLNEQYF
SLVALGINAV,CASSPTSKVEQYF
LTLTPEIAPYF,CASTGSYGYTFGSGTRLTVT
LTLTPEIAPYF,CASSPHRGMAQPQHF
LSITPEIAPYF,CASTGSYGYTFGSGTRLTVT
LSITPEIAPYF,CAIGTSGTGELFF
ASFRPELAEFW,CASTGSYGYTFGSGTRLTVT
ASFRPELAEFW,CASSIISESSYEQYF
FLRGRFYGL,ASSLGQAYEQY
FLRGRFYGL,CASSYSLSWTGGKETQYF
FWLLGAWAL,AWSETGLGTGELF
FWLLGAWAL,CASYSGLWGQPQHF
WLLPAWGV,AWSETGLGTGELF
WLLPAWGV,CATSSDPGPGRAQYF
FMSAYSGVL,CASSLIDSPYEQYF
FMSAYSGVL,CSARGWGFGSYEQYF
CLGGLATMV,ASSYVSQNNEQF
CLGGLATMV,CAWSTSGGTETQYF
ACDPHSGHFV,CASSVVAGFNEQFF
ACDPHSGHFV,CASSLVGGAIGEQFF
FWLLPAWAL,AWSETGLGTGELF
FWLLPAWAL,CSAPFGADDNTEAFF
LTISPEIPPYF,CASTGSYGYTFGSGTRLTVT
LTISPEIPPYF,CATSRGPRQFSSTEQYF
NSVKPEIRPVW,CASTGSYGYTFGSGTRLTVT
NSVKPEIRPVW,CAWSADRGFSGANVLTF
ELAGIGILTI,RPGWMAGL
ELAGIGILTI,CASSRSSLAPGETQYF
GTIRPEIPDYF,CASTGSYGYTFGSGTRLTVT
GTIRPEIPDYF,CASSPGTWEKQETQYF
KLQCVDLHV,CASSFRGPNLYTEAFF
KLQCVDLHV,CASRTHGQPNEQYF
VYAIFIFQL,CASSFPTSGQETQYF
VYAIFIFQL,CASSMRSEAKNIQYF
KSLAPEVRDLF,CASTGSYGYTFGSGTRLTVT
KSLAPEVRDLF,CASSPGQHHYGYTF
ILAAFLHWL,ASSYQGTEAF
ILAAFLHWL,CASNFLPSGSPDTQYF
TMSSSHLFYL,CASSLGGGGPQETQYF
TMSSSHLFYL,CSVQSSPATNEKLFF
ELGGIGILTV,RPGWMAGL
ELGGIGILTV,CASSTGFAAYEQYF
APAGPHGGAASGL,CAILGQGYGYTF
APAGPHGGAASGL,CASSLPLAGGRKYF
HSRKKCDEL,ASSLRGRGDQPQH
HSRKKCDEL,CASSFTGLHDQPQHF
SALRPEIRLLW,CASTGSYGYTFGSGTRLTVT
SALRPEIRLLW,CASSDSVSFSYNEQFF
WLLPTWGV,AWSETGLGTGELF
WLLPTWGV,CASGLPQGQVNEKLFF
LPEALPQGQLTAY,ASPGLAGEYEQY
LPEALPQGQLTAY,CASSTPGQAGFVPYEQYF
FLTGIGIITV,AWSETGLGTGELF
FLTGIGIITV,CASSSTGSKRGPQETQYF
SWISDIRAGTAPLCRNHIKSSCSLI,CASSYSKAGGPGEDTQYF
SWISDIRAGTAPLCRNHIKSSCSLI,CASSRSGATYEQYF
ILITQVLGL,CASSISPSSYEQYF
ILITQVLGL,CASTKSGSGTGELFF
FITGISILL,CASSEMDGSNQPQHF
FITGISILL,CASSTRDLRNGYTF
ALSYTPVEV,CASSSDRGEQFF
ALSYTPVEV,CATSSPGGTKRYEQFF
SSFSPELRMRW,CASTGSYGYTFGSGTRLTVT
SSFSPELRMRW,CASSDGLAGGYSGELFF
EIAGIGILTV,RPGWMAGL
EIAGIGILTV,CASSVFSGEYNEQFF
LMASISSFL,CASSFGGLYGYTF
LMASISSFL,CASSPEVGKGVHEQYF
KSFVPELKPAF,CASTGSYGYTFGSGTRLTVT
KSFVPELKPAF,CRARALQGLQVDTQYF
NSLKPEIPDYF,CASTGSYGYTFGSGTRLTVT
NSLKPEIPDYF,CATRETGADTQYF
ALGGLLTMV,ASSYVSQNNEQF
ALGGLLTMV,CASSTLQGAVKNEQYF
LPEPLPQGQATAY,ASPGLAGEYEQY
LPEPLPQGQATAY,CASSLGGATPGELFF
FLAGGIGIRTL,AWSETGLGTGELF
FLAGGIGIRTL,CSARDSAHSNQPQHF
GTIRPEIREMW,CASTGSYGYTFGSGTRLTVT
GTIRPEIREMW,CSAREGSRRGSGYTF
CLAGLLTMV,ASSYVSQNNEQF
CLAGLLTMV,CASSHDPGGITLQNTEAFF
KSCTPEVREYF,CASTGSYGYTFGSGTRLTVT
KSCTPEVREYF,CASSPPLEVNEKLFF
ASFSPELRMAW,CASTGSYGYTFGSGTRLTVT
ASFSPELRMAW,CASSLEGLTKAGELFF
NLNRCSVPV,CASSLDIGDQPQHF
NLNRCSVPV,CASSFGPSGRARETDTQYF
GSLSPELRPIF,CASTGSYGYTFGSGTRLTVT
GSLSPELRPIF,CAWSVYGTGYTF
ELAGIGALTV,AWSETGLGMGGWQ
ELAGIGALTV,CASSFLRTSGTLVEQFF
SSGVPEVRMMF,CASTGSYGYTFGSGTRLTVT
SSGVPEVRMMF,CASSPLLAGVSEQFF
RSLAPEVRGYW,CASTGSYGYTFGSGTRLTVT
RSLAPEVRGYW,CASSQDLAIREQYF
YVNELVVFV,CASSALAGGYNEQFF
YVNELVVFV,CSAKVKNTEAFF
YLVALGVNAV,CASSFLGTGLNEQYF
YLVALGVNAV,CAWSNGAGSRQPQHF
YLDELIKNT,CASSALAGGYNEQFF
YLDELIKNT,CASSLGLPRSPDTQYF
HSKRKCDEL,ASSLRGRGDQPQH
HSKRKCDEL,CASSHDSGGRDEQYF
LPEPLPQGALTAY,ASPGLAGEYEQY
LPEPLPQGALTAY,CAWTGFKFVSSVQYF
ILAKFAHWL,ASSYQGTEAF
ILAKFAHWL,CAWKAGRLNTEAFF
APRGPAGGAASGL,CASQTFSPGQTQF
APRGPAGGAASGL,CASGDRSGRGESGANVLTF
FMLYLVTLM,CASSYGVNTEAFF
FMLYLVTLM,CASSPVPGQGHDTEAFF
FLNVFFPLL,CSAPSYRELAGAYLQETQYF
FLNVFFPLL,CVIQTDSYEQYF
FLPSDFFPSV,CASSRRRDLGNEQFF
FLPSDFFPSV,CASSLGPGVPPQHF
ELAGIGLLTV,RPGWMAGL
ELAGIGLLTV,CASSPPPGQGMSEKLFF
MLGERLFPL,CASSLDIGDQPQHF
MLGERLFPL,CASSPGAVADNYGYTF
HPVAEADYFEY,ASSARSGELF
HPVAEADYFEY,CASSPSRTLAGGGEQYF
LTISPEIPSYF,CASTGSYGYTFGSGTRLTVT
LTISPEIPSYF,CASSLQKGTQPQHF
MVIGIPVYV,CASSTSTGQGWHYGYTF
MVIGIPVYV,CASSYSGRAREAFF
YLYDRLLRI,CASSLDQGAQDNEQFF
YLYDRLLRI,CASGGGLQGANYGYTF
CLGGLLAMV,ASSYVSQNNEQF
CLGGLLAMV,CASSLEAFPSGNTIYF
KAANIVLTV,CASSPSWLSGVTQYF
KAANIVLTV,CASSYADRGYTRVF
CLGALLTMV,ASSYVSQNNEQF
CLGALLTMV,CASDQGIDTQYF
KSLTPEVRGYW,CASTGSYGYTFGSGTRLTVT
KSLTPEVRGYW,CASSEKRASGKTDTQYF
LVFPLVMGV,CASSPTAEAFF
LVFPLVMGV,CASREPPSGQYF
IAGLGLLTV,RPGWMAGL
IAGLGLLTV,CASIGTGATILSGNTIYF
YLCSGSSYF,CASSDGGISYNEQF
YLCSGSSYF,CASSPGQAAHGYTF
YVTAMDIFV,CASSYGQPNTEAFF
YVTAMDIFV,CASSQTLAGGLTSTDTQYF
RTYVPEIKHRW,CASTGSYGYTFGSGTRLTVT
RTYVPEIKHRW,CASSFRSGEKLFF
FVGEFFTDV,CASSHRGSGNTIYF
FVGEFFTDV,CASSQEPLLTDTQYF
YSFKPELKEIF,CASTGSYGYTFGSGTRLTVT
YSFKPELKEIF,CASSEKWGDNSPLHF
LLYGFVNYV,ASRPGLAGGRPEQY
LLYGFVNYV,CASSPAQAGYGYTF
NLVPMVASV,ASSPVTGGIYGYT
NLVPMVASV,CASSYREGSYYEQYF
ELAGIGILSV,RPGWMAGL
ELAGIGILSV,CASGLDPGQGRETQYF
GIWGFVFTL,ASSSRSSYEQY
GIWGFVFTL,CAIRGILANYGYTF
RLSDFSEQL,CASTPLSNQPQHF
RLSDFSEQL,CASSRRRDRVADEQYF
YLQDSLATT,CASSLNTEAFF
YLQDSLATT,CASTTGTVNTEAFF
NLVPMVAAV,CASSLAPGTTNEKLFF
NLVPMVAAV,CASSQDYGNSYEQYF
FATGIGIITV,AWSETGLGTGELF
FATGIGIITV,CSARVVGAPGTGELFF
YLCSGSSYFV,CASSDGGISYNEQF
YLCSGSSYFV,CASSSNHRGGPIQETQYF
YVTAMDLFV,CASSYGQPNTEAFF
YVTAMDLFV,CASSKSTQRGDRGQTPNSPLHF
LTITPEIAPYF,CASTGSYGYTFGSGTRLTVT
LTITPEIAPYF,CASSRVPWGNEQFF
LAITPEIAPYF,CASTGSYGYTFGSGTRLTVT
LAITPEIAPYF,CASSPRARGVGEKLFF
APQPAPENAY,ASPGLAGEYEQY
APQPAPENAY,CSASPYDEPNQPQHF
LSLRPEIPLFF,CASTGSYGYTFGSGTRLTVT
LSLRPEIPLFF,CASTSYEGGPQHF
YMDDVVLGA,CASSYLTGEGDYGYTF
YMDDVVLGA,CSATNTGGSGANVLTF
ELAGIGILTA,RPGWMAGL
ELAGIGILTA,CASSLDRREGWADTQYF
NSFRPEVAMKY,CASTGSYGYTFGSGTRLTVT
NSFRPEVAMKY,CASAQRGRITNYGYTF
LLFGYPVFV,ASRPGLAGGRPEQY
LLFGYPVFV,CASRWEGALNQPQHF
ELAGIGIITV,RPGWMAGL
ELAGIGIITV,CASSQSTQGSCQPQHF
YIFLGNLAL,CASSGRQGIDTEAFF
YIFLGNLAL,CSVESTPSSTDTQYF
APRGAHGGAASGL,CAILGQGYGYTF
APRGAHGGAASGL,CASSISMSPNTEAFF
LSITPEISPYF,CASTGSYGYTFGSGTRLTVT
LSITPEISPYF,CASTPSWTGSSPQHF
LTITPEIAPFF,CASTGSYGYTFGSGTRLTVT
LTITPEIAPFF,CAISASVDRAEQYF
DLAGIGILTV,RPGWMAGL
DLAGIGILTV,CASSAWDRELGEQFF
NLVPTVATV,ASSPVTGGIYGYT
NLVPTVATV,CASSSIPGPLQETQYF
NLVPVVATV,ASSPVTGGIYGYT
NLVPVVATV,CASSLATGTSGASTDTQYF
SVASTITGV,CASSYFGGSLSEQYF
SVASTITGV,CASSFIQTNYGYTF
FLEIYTVTV,CASSDNDWRLQYF
FLEIYTVTV,CASSFSSGVSIADTQYF
YIDDVVLGA,CASSYLTGEGDYGYTF
YIDDVVLGA,CAWDKRRKNSPLHF
YMVLASPSV,CASSGRQGIDTEAFF
YMVLASPSV,CASSGDNRGGETQYF
