peptide,binding_TCR,label
VQYLGMFPV,CASSQNGSEAAYSNQPQHF,1
VQYLGMFPV,CASSTPGGWNTEAFF,1
VQYLGMFPV,CASNSGPNEKLFF,1
VQYLGMFPV,CASSLGQGYNEQFF,1
YLDELIRNT,CASSVEGALTDTQYF,1
YLDELIRNT,CASSEPGPWAFF,1
YLDELIRNT,CASSWDRGTYEQYF,1
YLDELIRNT,CASSALAGGYNEQFF,1
ALSYTPAEV,CASSTQGTGVYNEQFF,1
ALSYTPAEV,CASSSDRGEQFF,1
ALSYTPAEV,CASSLGQEIPYYGYTF,1
ALSYTPAEV,CASSSPSGYEQYF,1
LLIASVTWL,CASSSGGAWYTF,1
LLIASVTWL,CATSGTGGTGELFF,1
LLIASVTWL,CSVEGLAGRGYNEQFF,1
LLIASVTWL,CASSLVRDRHTEAFF,1
FLNVLFPLL,CASSHNRGYEQYF,1
FLNVLFPLL,CSAPSYRELAGAYLQETQYF,1
FLNVLFPLL,CASSRGLQETQYF,1
FLNVLFPLL,CASSIGLNTEAFF,1
ALIHHNTHL,CASSLAVQRPSGNTIYF,1
ALIHHNTHL,CASSIESGSKQRNEQFF,1
ALIHHNTHL,CASSPRDRVHEQYF,1
ALIHHNTHL,CASSQSETGDGYTF,1
VLNPFIYTL,CASSQGISTGELFF,1
VLNPFIYTL,CASSQEGRQGSYNEQFF,1
VLNPFIYTL,CASTHWERVDEQFF,1
VLNPFIYTL,CASSAAGQELGYTF,1
VVTGVLVYL,CASSTSAGFSNQPQHF,1
VVTGVLVYL,CAWSGFSRTEAFF,1
VVTGVLVYL,CASSLVGGITGELFF,1
VVTGVLVYL,CASSQDPGNGNTIYF,1
LLLNMLIVL,CASSEELYNEFF,1
LLLNMLIVL,CASSLAGGTEAFF,1
LLLNMLIVL,CASSSESGELFF,1
LLLNMLIVL,CASGTELMNTEAFF,1
VLENFTIFLV,CSVELTTYEQYF,1
VLENFTIFLV,CASSSQELTEAFF,1
VLENFTIFLV,CASSIAQGGNQPQHF,1
VLENFTIFLV,CASSEGQGYEQYF,1
KLSREIMPV,CASSLASEQYF,1
KLSREIMPV,CASRGTGTGSYEQYF,1
KLSREIMPV,CASSTGGDTQYF,1
KLSREIMPV,CASSFLSSYNEQFF,1
FIYQYYSSI,CASTLGQGNTEAFF,1
FIYQYYSSI,CSADRPGQSQETQYF,1
FIYQYYSSI,CSARDRGFFRPGELFF,1
FIYQYYSSI,CASSQEPSLNTEAFF,1
KLLAGVEIV,CASSWREGFPYEQYF,1
KLLAGVEIV,CASSLPDRGGTKNIQYF,1
KLLAGVEIV,CASRNRDPNGYTF,1
KLLAGVEIV,CASSYVNGGAIGGELFF,1
FLFMYLVTV,CASSQESGGGTEAFF,1
FLFMYLVTV,CASSYTGWHEQYF,1
FLFMYLVTV,CASSPGQGYEQYF,1
FLFMYLVTV,CASSVDFGRTYNEQFF,1
VMAPRTLIL,ASSANPGDSSNEKLF,1
VMAPRTLIL,CASSANPGDSSNEKLFF,1
VMAPRTLIL,ASSQDRDTQY,1
VMAPRTLIL,CASSQDRDTQYF,1
APARLERRHSA,CASRDGRVHQPQHF,1
APARLERRHSA,CASRAVINTDTQYF,1
APARLERRHSA,CASSTTSGGAHNEQFF,1
APARLERRHSA,CASSLLKAANYGYTF,1
KLFEFLVHGV,CASTQGGVDTQYF,1
KLFEFLVHGV,CASSQGALGYTF,1
KLFEFLVHGV,CASSLGGNPTYNEQFF,1
KLFEFLVHGV,CASSLGDPNTEAFF,1
KASEKIFYV,CASSQDSHSTSTDTQYF,1
KASEKIFYV,CASSWEYEQYF,1
KASEKIFYV,CATSSFRMTGDNSPLHF,1
KASEKIFYV,CASSALFSGANVLTF,1
TAMDIFVTV,CSARDWGYEQYF,1
TAMDIFVTV,CASSLAAQGQRVTGELFF,1
TAMDIFVTV,CASSFGGLYGYTF,1
TAMDIFVTV,CASSGGQGWTDTQYF,1
KLNTITAVV,CSVEAGGVSEAFF,1
KLNTITAVV,CASSLETGGWETQYF,1
KLNTITAVV,CASMRPTSYEQYF,1
KLNTITAVV,CSDGTGDGYTF,1
LMMPFSIVYI,CASSLSWEYEQYF,1
LMMPFSIVYI,CASSSQTGPYSNQPQHF,1
LMMPFSIVYI,CASSQGLNPGQGLDTEAFF,1
LMMPFSIVYI,CASSLQGSDNEQFF,1
ALIHHNTYL,CASSLAVQRPSGNTIYF,1
ALIHHNTYL,CSVVGTGSVITNEKLFF,1
ALIHHNTYL,CASSIESGSKQRNEQFF,1
ALIHHNTYL,CASSDLQENQPQHF,1
LLAIKVPNV,CAQGDYNEQFF,1
LLAIKVPNV,CASSMSGWGDTQYF,1
LLAIKVPNV,CSARDPQGFDGYTF,1
LLAIKVPNV,CASGSYEQYF,1
SIIGRLLEV,CASSPWRGPFQETQYF,1
SIIGRLLEV,CASSYFGGSLSEQYF,1
SIIGRLLEV,CASSYRFDSPLHF,1
SIIGRLLEV,CASVLGGSSYNEQFF,1
EENLLDFVRF,CASSLGQAYEQYF,1
EENLLDFVRF,ASRYRDDSYNEQF,1
EENLLDFVRF,CASRYRDDSYNEQFF,1
EENLLDFVRF,CASRYRDDSYNEQF,1
YLLFMIGYT,CASSVTGRWVPLHF,1
YLLFMIGYT,CASSFASGGYNEQFF,1
YLLFMIGYT,CASSFNTEAFF,1
YLLFMIGYT,CASSHSWGETQYF,1
RMAAISNTV,CASSLAQSDSLAFF,1
RMAAISNTV,CASSSPDSNNEQFF,1
RMAAISNTV,CASSIGDYEQYF,1
RMAAISNTV,CASSLIDTGELFF,1
VYALIAGATL,CASHPVGSLTDTQYF,1
VYALIAGATL,CASSPTLYNEQFF,1
VYALIAGATL,CASSEWVFWSSYNSPLHF,1
VYALIAGATL,CASSLSYLNEQFF,1
KLSHQLVLL,CSATSGTDTQYF,1
KLSHQLVLL,CASSLGGFAGNTIYF,1
KLSHQLVLL,CASSQEIGMNEKLFF,1
KLSHQLVLL,CASSSTGALYEQYF,1
GPGMKARVL,CASSLELGDEQFF,1
GPGMKARVL,CASSLETGDEQYF,1
GPGMKARVL,CASSQETGDTQYF,1
GPGMKARVL,CASSQETGDEQYF,1
AAFKRSCLK,CASVSGQGVSPLHF,1
AAFKRSCLK,CATSRDGAGLVNQPQHF,1
AAFKRSCLK,CASSQGFGANVLTF,1
AAFKRSCLK,CASSQDPGSSYNEQFF,1
FLKETGGL,CASSFEPGQGFYSNQPQHF,1
FLKETGGL,CASSFEAGQGFFSNQPQHF,1
FLKETGGL,CASSYEPGQVSHYSNQPQHF,1
FLKETGGL,CASSYLPGQGDHYSNQPQHF,1
RPHERNGFTV,CASSPARNTEAFF,1
RPHERNGFTV,CASSPHRNTEAFF,1
RPHERNGFTV,CASSQAALAGFGYEQYF,1
RPHERNGFTV,CASSPSRNTEAFF,1
FLKEQGGL,CASSFEPGQGFYSNQPQHF,1
FLKEQGGL,CASSFEAGQGFFSNQPQHF,1
FLKEQGGL,CASSYEPGQVSHYSNQPQHF,1
FLKEQGGL,CASSYLPGQGDHYSNQPQHF,1
FLKEMGGL,CASSFEPGQGFYSNQPQHF,1
FLKEMGGL,CASSFEAGQGFFSNQPQHF,1
FLKEMGGL,CASSYEPGQVSHYSNQPQHF,1
FLKEMGGL,CASSYLPGQGDHYSNQPQHF,1
HMTEVVRHC,CASSEGLWQVGDEQYF,1
HMTEVVRHC,CASSLDPGDTGELFF,1
HMTEVVRHC,CAISELVTGDSPLHF,1
HMTEVVRHC,CASSIQQGADTQYF,1
TLNAWVKVV,CASSYRGQSYEQYF,1
TLNAWVKVV,CSARDAGGDYGYTF,1
TLNAWVKVV,CASSLVPQGEEQYF,1
TLNAWVKVV,CASSEEGAWNTGELFF,1
FYGKTILWF,CASSLGAAPQETQYF,1
FYGKTILWF,CASSTRVVAGNNEQFF,1
FYGKTILWF,CASSLGQGCSNQPQHF,1
FYGKTILWF,CASSRGTLHYGYTF,1
GQFLTPNSH,CAISEVGTGSSGNTIYF,1
GQFLTPNSH,CASRFVAPSDGYNEQFF,1
GQFLTPNSH,CASSLGQGRVEQYF,1
GQFLTPNSH,CAITSGQGNNEQYF,1
RKTVRARSRTPSCRSRSHTPSRRRR,CASSLIRSEAFF,1
RKTVRARSRTPSCRSRSHTPSRRRR,CASSRDRSNEQFF,1
RKTVRARSRTPSCRSRSHTPSRRRR,CASSLVDRRGEKLFF,1
RKTVRARSRTPSCRSRSHTPSRRRR,CASSFIRTGQYF,1
ESEERPPTPY,CASSSEGQFNEQFF,1
ESEERPPTPY,CASSYGIYEQFF,1
ESEERPPTPY,CASSPEGVFNEQFF,1
ESEERPPTPY,CASSWEGQYNEQFF,1
CCIEVINNT,CASSVLNTGELFF,1
CCIEVINNT,CASSDTPDLNTEAFF,1
CCIEVINNT,CASRGQNTGELFF,1
CCIEVINNT,CASRSQNYYGYTF,1
AMAGSLVFL,CASSPMTDSTDTQYF,1
AMAGSLVFL,CASSQDLGTGNTIYF,1
AMAGSLVFL,CASSPTPGTGETQYF,1
FIDCYLLAI,CSADRPGQSQETQYF,1
FIDCYLLAI,CASSPHTEAFF,1
FIDCYLLAI,CASDSNYGYTF,1
ILIVMVPFL,CASSLVGADRSGELFF,1
ILIVMVPFL,CASSAFGIVADTQYF,1
ILIVMVPFL,CASSPGTTTNEKLFF,1
LAMPFATPM,CASSLPLGYEQYF,1
LAMPFATPM,CASSLGTSGIQFF,1
LAMPFATPM,CASSYRTGSDEQFF,1
LMVLHSPSL,CASSFFPGELFF,1
LMVLHSPSL,CASSGRDRNF,1
LMVLHSPSL,CASSLSGFGNTIYF,1
LLAMKVPNV,CSAETGRDLEAFF,1
LLAMKVPNV,CAQGDYNEQFF,1
LLAMKVPNV,CASSQDNNEQFF,1
FIFSYVVAV,CASSDQGALSSYEQYF,1
FIFSYVVAV,CASSLSVFPGRAEQYF,1
FIFSYVVAV,CASSKGLRQFF,1
ILLDWAANV,CASSYFRQSYEQYF,1
ILLDWAANV,CASSAGPWGYTF,1
ILLDWAANV,CASSGDKNEAFF,1
QLLVSLWGL,CATSRGPTQAPYEETQYF,1
QLLVSLWGL,CASSLVGADRSGELFF,1
QLLVSLWGL,CSARDPVGGSNTGELFF,1
KLPLDINPV,CASSLASGNEQFF,1
KLPLDINPV,CASSLNPGTSYEQYF,1
KLPLDINPV,CAISRGDTEAFF,1
LLFGFPVYV,ASRPGLAGGRPEQY,1
LLFGFPVYV,ASSYPGGGFYEQY,1
LLFGFPVYV,CASRPGLAGGRPEQYF,1
VLMGGVPGVE,CASSFWGLGELFF,1
VLMGGVPGVE,CASSQGWDEQYF,1
VLMGGVPGVE,CASSTLSGNYNEQFF,1
LVMPFSIVYI,CSAETGRDLEAFF,1
LVMPFSIVYI,CASSQGLNPGQGLDTEAFF,1
LVMPFSIVYI,CASSLTGLLNTEAFF,1
FIDQYYSSI,CASSLGPSLYEQYF,1
FIDQYYSSI,CASSFWSGGTYEQYF,1
FIDQYYSSI,CASSMTVMNTEAFF,1
MLSILALVRV,CASIGVSYEQYF,1
MLSILALVRV,CASNPGTDFNTGELFF,1
MLSILALVRV,CASSYARDRNTEAFF,1
YMFLASPSV,CASSGRQGIDTEAFF,1
YMFLASPSV,CASSPYSGANVLTF,1
YMFLASPSV,CASSPDRFYEQYF,1
YLQDSMATT,CASSISTEAFF,1
YLQDSMATT,CASSVEGSSYNEQFF,1
YLQDSMATT,CASSLNTEAFF,1
AVYDGREHTV,CASSSDQNGDPYEQYF,1
AVYDGREHTV,CASSFLMTSGDYEQYF,1
AVYDGREHTV,ASSSDQNSGDPYEQYF,1
FLDEFMEAV,CASSLVTGGGEAFF,1
FLDEFMEAV,CATSAKTRLNTEAFF,1
FLDEFMEAV,CSARQTSGGSSYNEQFF,1
FLNDLLSVL,CASIETESTGELFF,1
FLNDLLSVL,CASSIGTVNRGPNTEAFF,1
FLNDLLSVL,CASSESSSTGGKWDTQYF,1
AVGSHVYSV,CASSVDGGPQETQYF,1
AVGSHVYSV,CASSLAYEQYF,1
AVGSHVYSV,CASSFRGEAFF,1
WLSLLVPFV,CASSQQGVWGTGELFF,1
WLSLLVPFV,CASSQTIGTGFSNEQFF,1
WLSLLVPFV,CASSLGQGGVGEKLFF,1
FLFTFFASI,CSAIVFSRGGDEQFF,1
FLFTFFASI,CASSLRGTGSYEQYF,1
FLFTFFASI,CASSLQGGGGYTF,1
YLLAIFSGL,CASTLGQGNTEAFF,1
YLLAIFSGL,CASSGSGASTDTQYF,1
YLLAIFSGL,CASSLPDRGGTKNIQYF,1
GILEFVFTL,ASSSRSSYEQY,1
GILEFVFTL,ASSIRSSYEQY,1
GILEFVFTL,CASSIRSSYEQYF,1
TMSFSHLFYL,CASSIDRTVGNTIYF,1
TMSFSHLFYL,CASSLGGGGPQETQYF,1
TMSFSHLFYL,CASSPDPSGNEQFF,1
IPLTEEAEL,ASRTRGGTLIEQY,1
IPLTEEAEL,CASRTRGGTLIEQYF,1
IPLTEEAEL,CASSFRGGKTQYF,1
LIFNMLYWI,CASSSQTGPYSNQPQHF,1
LIFNMLYWI,CASSLAQSDSLAFF,1
LIFNMLYWI,CASFNTGELFF,1
FMIGYASAL,CSARDRSGIDTQYF,1
FMIGYASAL,CASSDRQGIATGELFF,1
FMIGYASAL,CASSFGSGNTIYF,1
ILLDWAANI,CASSYFRQSYEQYF,1
ILLDWAANI,CASSAGPWGYTF,1
ILLDWAANI,CASSGDKNEAFF,1
TMAAISNTV,CASSVTSDQTQYF,1
TMAAISNTV,CASSQWGGNEQFF,1
TMAAISNTV,CASSFLLYNEQFF,1
GLMAIAWFI,CASSYQTGPYSNQPQHF,1
GLMAIAWFI,CSARVQGAYEQYF,1
GLMAIAWFI,CSARAGLRESTDTQYF,1
FILDAVQRV,CASSEIASYNEQFF,1
FILDAVQRV,CATSRTDISYEQYF,1
FILDAVQRV,CASSLFARGGPTDTQYF,1
KLYGLDWAEL,CASRPSRGTNYGYTF,1
KLYGLDWAEL,CASSERGMVEAFF,1
KLYGLDWAEL,CASSPRNLGPSGSYEQYF,1
YILEETSVM,CASSLVGGTGSVSYQFF,1
YILEETSVM,CASSVDGTGGALGNTIYF,1
YILEETSVM,CAWSWGDSTNSPLHF,1
SSCMGGMNWR,CASNLGGGSTDTQYF,1
SSCMGGMNWR,CASSLGTGSTDTQYF,1
SSCMGGMNWR,CASSFGSGSTDTQYF,1
KINAWIKVV,CSASRDSYEQYF,1
KINAWIKVV,CSAFSSGTGGVTGELFF,1
KINAWIKVV,CASSPRGDWEEKAGELFF,1
ARNLVPMVATVQGQN,CATESTGIGGYTF,1
ARNLVPMVATVQGQN,CASTDGQKNSPLHF,1
ARNLVPMVATVQGQN,CASSYNSAGYNEQFF,1
YMDGTMSQV,CASSLVMDNYGYTF,1
YMDGTMSQV,CSVTGTGLFDEQYF,1
YMDGTMSQV,CASSLGQGLSYEQYF,1
LIFNMFYWI,CASSFGQGYEQYF,1
LIFNMFYWI,CATSGGQSNEKLFF,1
LIFNMFYWI,CASSPGGTNEKLFF,1
NNILIATCV,CASSVLNTGELFF,1
NNILIATCV,CASSDTPDLNTEAFF,1
NNILIATCV,CASRGQNTGELFF,1
YVVTWIVGA,CASSPHSGGDPRNEQFF,1
YVVTWIVGA,CASLEAGGETQYF,1
YVVTWIVGA,CASSESGAAYTGELFF,1
LHMEFCSCC,CASSVLNTGELFF,1
LHMEFCSCC,CAIRQFDANTGELFF,1
LHMEFCSCC,CASRGQNTGELFF,1
CHIPVEPNT,CASSVLNTGELFF,1
CHIPVEPNT,CASSIIAGSSYNEQFF,1
CHIPVEPNT,CASRGQNTGELFF,1
YLEAGPVTA,ASSFIGGTDTQYFG,1
YLEAGPVTA,ASSFIGGTDTQY,1
YLEAGPVTA,ASSIGGPYEQYFG,1
YLEPGAVTA,ASSFIGGTDTQYFG,1
YLEPGAVTA,ASSFIGGTDTQY,1
YLEPGAVTA,ASSIGGPYEQYFG,1
CLLGTYTQDV,CASSQERGGPDTQYF,1
CLLGTYTQDV,CSVDLEANYGYTF,1
CLLGTYTQDV,CASSSTGGGEKDQPQHF,1
SILDAVQRV,CASSEIASYNEQFF,1
SILDAVQRV,CATSRTDISYEQYF,1
SILDAVQRV,CASSLFARGGPTDTQYF,1
IMIEFCPGG,CASSVLNTGELFF,1
IMIEFCPGG,CASSIIAGSSYNEQFF,1
IMIEFCPGG,CASRGQNTGELFF,1
RCMLQCPSV,CASSVLNTGELFF,1
RCMLQCPSV,CAIRQFDANTGELFF,1
RCMLQCPSV,CASRGQNTGELFF,1
GTSGSPIVAR,CASSLGQGLLYGYT,1
GTSGSPIVAR,CASTTGGGGYEQY,1
GTSGSPIVAR,CASSLGQGSYEQY,1
KTVGIYPNA,CASSVLNTGELFF,1
KTVGIYPNA,CASSIIAGSSYNEQFF,1
KTVGIYPNA,CASRGQNTGELFF,1
CLLWSFQTSA,CASNDRGMFNEQFF,1
CLLWSFQTSA,CASSQDQGITEAFF,1
CLLWSFQTSA,CASSDAGGHTDTQYF,1
GTSGSPIVDR,CASSLGQGLLYGYT,1
GTSGSPIVDR,CASTTGGGGYEQY,1
GTSGSPIVDR,CASSLGQGSYEQY,1
YHSIEWAI,CASSPGPNQPQHF,1
YHSIEWAI,CASSFRDEDPGNTIYF,1
YHSIEWAI,CASTPTGNTEAFF,1
FLNDLLSVM,CASIETESTGELFF,1
FLNDLLSVM,CASSIGTVNRGPNTEAFF,1
FLNDLLSVM,CASSESSSTGGKWDTQYF,1
ALEPGPVTA,ASSFIGGTDTQYFG,1
ALEPGPVTA,ASSFIGGTDTQY,1
ALEPGPVTA,ASSIGGPYEQYFG,1
GTSGAPIVNR,CASSLGQGLLYGYT,1
GTSGAPIVNR,CASTTGGGGYEQY,1
GTSGAPIVNR,CASSLGQGSYEQY,1
FDVMVMPNL,CASSVLNTGELFF,1
FDVMVMPNL,CASSIIAGSSYNEQFF,1
FDVMVMPNL,CASRGQNTGELFF,1
YLEPGPATA,ASSFIGGTDTQYFG,1
YLEPGPATA,ASSFIGGTDTQY,1
YLEPGPATA,ASSIGGPYEQYFG,1
GAVECCPNC,CASSVLNTGELFF,1
GAVECCPNC,CASRGQNTGELFF,1
GAVECCPNC,CASSILGASNQPQHF,1
YLEPGPVAA,ASSFIGGTDTQYFG,1
YLEPGPVAA,ASSFIGGTDTQY,1
YLEPGPVAA,ASSIGGPYEQYFG,1
RYPLTLGWCF,ASSSWDTGELF,1
RYPLTLGWCF,CASSSWDTGELFF,1
MLLKHDVSL,CASSLNMNTEAFF,1
MLLKHDVSL,CASRNTGTTNEKLFF,1
RHDLPPYRVYL,CASSSTGADSHEQFF,1
RHDLPPYRVYL,CASRLVRKKGEDQPQHF,1
FLGIYTVTV,CASSQESGGGTEAFF,1
FLGIYTVTV,CASSDNDWRLQYF,1
SVLENFTIFL,CASSDPRGQPNQPQHF,1
SVLENFTIFL,CASTQPVDMNTEAFF,1
GILGLVFTL,ASSSRSSYEQY,1
GILGLVFTL,CASSSRSSYEQYF,1
SLYNTIATL,ASSDTVSYEQY,1
SLYNTIATL,CASSDTVSYEQYF,1
TLSKPSPMPV,CASSYSPGTGNTIYF,1
TLSKPSPMPV,CASSLADVGQYDTDTQYF,1
EEYLKAWTF,CASSLGQAYEQYF,1
EEYLKAWTF,ASSLGQAYEQY,1
VMAPRTLVL,ASSANPGDSSNEKLF,1
VMAPRTLVL,CASSANPGDSSNEKLFF,1
FMLLTQARI,CASSEDAGNYGYTF,1
FMLLTQARI,CAGWDRTPYEQYF,1
MLWGYLQYV,ASRPGLAGGRPEQY,1
MLWGYLQYV,CASRPGLAGGRPEQYF,1
YQFGPDFPIA,CASSLWEKLAKNIQYF,1
YQFGPDFPIA,ASSLWEKLAKNIQY,1
YLLFMIGYA,CASSFASGGYNEQFF,1
YLLFMIGYA,CASSHSWGETQYF,1
FLASPSVPL,CASSQGGQDGHGTTNEKLFF,1
FLASPSVPL,CASIQDRDRPNSPLHF,1
LMLWASSSI,CASSQDWGAEAFF,1
LMLWASSSI,CASSQEQLGGEQYF,1
HPVGQADYFEY,ASSARSGELF,1
HPVGQADYFEY,CASSARSGELFF,1
ILGGQVVHTV,CATPSRAQYDYGYTF,1
ILGGQVVHTV,CAWSSSVNTEAFF,1
RQFGPDFPTI,CASSLWEKLAKNIQYF,1
RQFGPDFPTI,ASSLWEKLAKNIQY,1
AQWGPDPAAA,CASSLWEKLAKNIQYF,1
AQWGPDPAAA,ASSLWEKLAKNIQY,1
GEEDGAGGHSL,CASSQAGGTGELFF,1
GEEDGAGGHSL,CASSRSTGGSGNTIYF,1
SVLENFTILL,CASSENTGELFF,1
SVLENFTILL,CASRIPDRNEQFF,1
ESDPIVAQY,CASSFNMATGQYF,1
ESDPIVAQY,ASSFNMATGQY,1
VLLGVKLFGV,CASSSPRSSRDTDTQYF,1
VLLGVKLFGV,CASSSGYNEQFF,1
SLDLTTSPV,CASTPGTSASRDTQYF,1
SLDLTTSPV,CASSIGGQRYNEQFF,1
VLLGVKLSGV,CAWSVGNYGYTF,1
VLLGVKLSGV,CASSSAGTEAFF,1
ALWGPDPAAA,CASSLWEKLAKNIQYF,1
ALWGPDPAAA,ASSLWEKLAKNIQY,1
FLMASISSS,CASSLNTEAFF,1
FLMASISSS,CASSVDGTEETQYF,1
FLDEFMEGV,CASSLVTGGGEAFF,1
FLDEFMEGV,CATSAKTRLNTEAFF,1
RLIKHYPGI,CASSSSSGDEQYF,1
RLIKHYPGI,CASSSNIWSPDTQYF,1
TAMDLFVTV,CSARNRASYNSPLHF,1
TAMDLFVTV,CSARDWGYEQYF,1
ILAKFLHWL,ASSYQGTEAF,1
ILAKFLHWL,CASSYQGTEAFF,1
RLLPLLALL,CASSQDIGNFEQFF,1
RLLPLLALL,CSALTGNQPQHF,1
CPSQEPMSIYVY,CASRPGTSSYEQYF,1
CPSQEPMSIYVY,CASRPGTASYEQYF,1
RQFGPDWIVA,CASSLWEKLAKNIQYF,1
RQFGPDWIVA,ASSLWEKLAKNIQY,1
YLWPPVQLA,CASSLASQVETQYF,1
YLWPPVQLA,CASSYGLEQYF,1
ILDQVPFSV,CASSMGGTYEQYF,1
ILDQVPFSV,ASSPGGNEQL,1
GVYDGREHTV,CASSFLMTSGDPYEQYF,1
GVYDGREHTV,ASSSDQNSGDPYEQYF,1
YLGGPDFPTI,CASSLWEKLAKNIQYF,1
YLGGPDFPTI,ASSLWEKLAKNIQY,1
RQWGPDPAAV,CASSLWEKLAKNIQYF,1
RQWGPDPAAV,ASSLWEKLAKNIQY,1
FLTVFSPFM,CASSPWTGAEKLFF,1
FLTVFSPFM,CASSQDRGKDTQYF,1
HPVGDADYFEY,ASSARSGELF,1
HPVGDADYFEY,CASSARSGELFF,1
KLSELHTYI,CASSYGQPNTEAFF,1
KLSELHTYI,CASSFGGASEAFF,1
MLGEQLFPL,CASSFGSGEQFF,1
MLGEQLFPL,CASSYGNTGELFF,1
FLSDHLYLV,CASSFRGNTGELFF,1
FLSDHLYLV,CASSVAGGSGNTIYF,1
FIMGISILL,CASSEMDGSNQPQHF,1
FIMGISILL,CASSYGVNTEAFF,1
KLPLDIDPV,CASTYRDSGNTIYF,1
KLPLDIDPV,CAISRGDTEAFF,1
SLFNTIAVL,ASSDTVSYEQY,1
SLFNTIAVL,CASSDTVSYEQYF,1
LLFGYPVAV,ASRPGLAGGRPEQY,1
LLFGYPVAV,CASRPGLAGGRPEQYF,1
LLFGYAVYV,ASRPGLAGGRPEQY,1
LLFGYAVYV,CASRPGLAGGRPEQYF,1
KLANPLPYT,CSARGGGFETQYF,1
KLANPLPYT,CASSLGPGGASYTF,1
EEYLQAFTY,CASSLGQAYEQYF,1
EEYLQAFTY,ASSLGQAYEQY,1
EVDPIGHLY,CASSFNMATGQYF,1
EVDPIGHLY,ASSFNMATGQY,1
LMVPHSPSL,CASGGDAYEQYF,1
LMVPHSPSL,CASIPVGSRNTIYF,1
LGYGFVNYI,ASRPGLAGGRPEQY,1
LGYGFVNYI,CASRPGLAGGRPEQYF,1
MVWGPDPLYV,CASSLWEKLAKNIQYF,1
MVWGPDPLYV,ASSLWEKLAKNIQY,1
GLYDGMEHL,CASTSYTEAFF,1
GLYDGMEHL,CAGMTVTEAFF,1
ILIVMFPFL,CASSPVGDTQYF,1
ILIVMFPFL,CSVQGNSEAFF,1
LLFGYPRYV,ASRPGLAGGRPEQY,1
LLFGYPRYV,CASRPGLAGGRPEQYF,1
LIIPCIHLI,CASSFPDRGQGVYGYTF,1
LIIPCIHLI,CASSWWLNTEAFF,1
TEDEHFEFY,CSVEDRRGPFYGYTF,1
TEDEHFEFY,CASSNRGYDEQYF,1
SAYGEPRKL,CASRLWFWALEAF,1
SAYGEPRKL,CASLAGQGYNEQF,1
KMDYFSGQL,CASSRDFVSNEQYF,1
KMDYFSGQL,CASSRDTVNTEAFF,1
SMDWFQGQM,CASSRDFVSNEQYF,1
SMDWFQGQM,CASSRDTVNTEAFF,1
GEIYKRWII,CASSHTTGGRTEAFF,1
GEIYKRWII,CASSTKAGGLADTQYF,1
MMDFFNAQM,CASSRDFVSNEQYF,1
MMDFFNAQM,CASSRDTVNTEAFF,1
LMDYWQGQL,CASSRDFVSNEQYF,1
LMDYWQGQL,CASSRDTVNTEAFF,1
FPQGEAREL,CASSPRGRDETQYF,1
FPQGEAREL,CASSPRGREETQYF,1
FQAQHIAMA,CASSLRSSYEQYF,1
FQAQHIAMA,CASSPGGEGEQYF,1
NLQREEYTV,CASSTSAANQPQHF,1
NLQREEYTV,CASSGGTGYEQYF,1
LSEFCRVLCCYVLEE,CASSFATGTAYGYTF,1
LSEFCRVLCCYVLEE,CASSNPQGAKYEQFF,1
YHSIEWA,CASSPGPNQPQHF,1
YHSIEWA,CASTPTGNTEAFF,1
AARAVFLAL,CASLGAQNNEQF,1
AARAVFLAL,CASSYSTGDEQYF,1
WLIRETQPITK,CASSLDFSRQETQYF,1
WLIRETQPITK,CASSLYLASNTGELFF,1
FMPDFDLHL,CASSLYRGTGELFF,1
FMPDFDLHL,CASSESRSGNQPQHF,1
KVDPIGHVY,CASSFDRGYGYTF,1
KVDPIGHVY,CASSSQGGYGYTF,1
NMMWFQGQL,CASSRDFVSNEQYF,1
NMMWFQGQL,CASSRDTVNTEAFF,1
YFFWGLWAL,CASSLIRGSYEQYF,1
YFFWGLWAL,CSARDRNYGYTF,1
GLLDEDFYA,CASSDRNTNYGYTF,1
GLLDEDFYA,CASSMRVQSNTGELFF,1
IMLEALERV,CASSESGRAEAFF,1
IMLEALERV,CASSPGKTEAFF,1
VQIISCQY,CASSGRVTGGFYNEQFF,1
VQIISCQY,CASSFGGAYEQYF,1
CVETMCNEY,CASSLARNQPQHF,1
CVETMCNEY,CASGGADMKTEAFF,1
KTFPPTEPK,CASSRAGTGYNEQFF,1
KTFPPTEPK,CASSPSVYFEVSGANVLTF,1
APRGPHGGAASAL,CASQTFSPGQTQF,1
APRGPHGGAASAL,CAILGQGYGYTF,1
YLRGRAYGL,ASSLGQAYEQY,1
YLRGRAYGL,ASSFTWTSGGATDTQY,1
TLRGRAYGL,ASSLGQAYEQY,1
TLRGRAYGL,ASSFTWTSGGATDTQY,1
KLSGLGINAV,ASRRGSLELV,1
KLSGLGINAV,ASRRSAYLQY,1
ELAGIGILAV,AWSETGLGMGGWQ,1
ELAGIGILAV,RPGWMAGL,1
VQYLGMLPV,CASSQNGSEAAYSNQPQHF,1
VQYLGMLPV,CASSTPGGWNTEAFF,1
ELAGIAILTV,AWSETGLGMGGWQ,1
ELAGIAILTV,RPGWMAGL,1
RVIGMPPPV,CASSIGDYEQYF,1
RVIGMPPPV,CASSTGADLTYEQYF,1
KIILFLPCI,CASSVLNTGELFF,1
KIILFLPCI,CASRGQNTGELFF,1
ALRGMGVNAV,ASRRGSLELV,1
ALRGMGVNAV,ASRRSAYLQY,1
ELAGIGIATV,AWSETGLGMGGWQ,1
ELAGIGIATV,RPGWMAGL,1
QLTSLGLNAV,ASRRGSLELV,1
QLTSLGLNAV,ASRRSAYLQY,1
FLRGRAYVL,ASSLGQAYEQY,1
FLRGRAYVL,ASSFTWTSGGATDTQY,1
MIISHLSLI,CASREQGMNTEAFF,1
MIISHLSLI,CASRPRQVETQYF,1
KLKSLGLNAV,ASRRGSLELV,1
KLKSLGLNAV,ASRRSAYLQY,1
ELAAIGILTV,AWSETGLGMGGWQ,1
ELAAIGILTV,RPGWMAGL,1
APRGPHGGAASGA,CASQTFSPGQTQF,1
APRGPHGGAASGA,CAILGQGYGYTF,1
FMLLTQARL,CASSEDAGNYGYTF,1
FMLLTQARL,CAGWDRTPYEQYF,1
ALAGIGILTV,AWSETGLGMGGWQ,1
ALAGIGILTV,RPGWMAGL,1
APRGPHAGAASGL,CASQTFSPGQTQF,1
APRGPHAGAASGL,CAILGQGYGYTF,1
QLRTLGLNAV,ASRRGSLELV,1
QLRTLGLNAV,ASRRSAYLQY,1
AARGPHGGAASGL,CASQTFSPGQTQF,1
AARGPHGGAASGL,CAILGQGYGYTF,1
NLVAMVATV,ASSPVTGGIYGYT,1
NLVAMVATV,CASSLAPGTTNEKLFF,1
LLFNILGGWV,CASLGLEYEQYF,1
LLFNILGGWV,CATRGGEGQPQHF,1
TSTLQEQIGW,CASSQARGGAETQYF,1
TSTLQEQIGW,CAISRQGARQETQYF,1
QDVEIPPNI,CASSVLNTGELFF,1
QDVEIPPNI,CASRGQNTGELFF,1
SYMIMEIEL,CASSQGIAGSNQPQHF,1
SYMIMEIEL,CASRDHRVIYGYTF,1
FLRGRAFGL,ASSLGQAYEQY,1
FLRGRAFGL,ASSFTWTSGGATDTQY,1
KLVVLGINAV,ASRRGSLELV,1
KLVVLGINAV,ASRRSAYLQY,1
QLRSLGLNAV,ASRRGSLELV,1
QLRSLGLNAV,ASRRSAYLQY,1
RLMKHYPGI,CASSSSSGDEQYF,1
RLMKHYPGI,CASSSNIWSPDTQYF,1
QLSSLGLNAV,ASRRGSLELV,1
QLSSLGLNAV,ASRRSAYLQY,1
APRGPHGGAAAGL,CASQTFSPGQTQF,1
APRGPHGGAAAGL,CAILGQGYGYTF,1
KLSELHAYI,CASSFGGASEAFF,1
RLWEPLRVV,CASSLAAGGGETQYF,1
YMLTLHTKL,CASSFGQEEGQPQHF,1
HIAKSPFEV,CASSSGTGAYEQYF,1
RVRFFFPSL,CASSLASGSNQPQHF,1
NLFNRYLAL,CASSDGNEQFF,1
TLFTMVGTV,CASSPTAEAFF,1
FVYVFTTHL,CASSFNYNEQFF,1
YLVALGINAV,CASSFLGTGLNEQYF,1
KLSHQPVLL,CASSFSATGELFF,1
NLAQTDLATV,CASSHRGSGNTIYF,1
VYFFLPDHL,CASSLLPEGTGRVSGYTF,1
KIFGSLAFL,CASSLEIFGGIADTDTQYF,1
FQDYIKSYL,CASSHHSGGIYNEQFF,1
EFTVSGNIL,CASSPGVGTEAFF,1
YTSEILSPI,CASSALAGGYNEQFF,1
ALLQVTLLL,CASSSTDGYQETQYF,1
FLGIYTVTVV,CSVPGTAYEQYF,1
LLFGLALIEV,CASTWTGEQYF,1
QLCDVMFYL,CASSLFTGTNEQFF,1
EEAAGIGIL,CASSPHAGGVDEKLFF,1
YLYDRLLRV,CASSLDQGAQDNEQFF,1
HQLGGVVEV,CASSMGTGGFYGYTF,1
LLFAAFSSA,CASSQDWAASNSPLHF,1
QLIPCMDVV,CASSPGPYEQYF,1
VLFAAFSSA,CASSQGYEQYF,1
RVSTLRVSL,CASSLSWGSSYNEQFF,1
KLAKPLPYT,CASDPDSLIHNTGELFF,1
RYGSFSVTL,CASSLMGGGNTIYF,1
MEVDPIGHLY,CSANPRTTLYEQYF,1
HQNPVTGLLL,CASSPGREQYF,1
SLLQGSPHV,CASSPPDQVYNEQFF,1
FLWSVFMLI,CASSLAENSGNTIYF,1
GLSPNLNRFL,CASSAGLFPEQFF,1
HIVEISTPV,CASSLRTNSDTQYF,1
HRRGSRSYV,CATSSEDSSNQPQHF,1
YLSNIIPAL,CASSLVSPSEQFF,1
VMIIVSSLAV,CSVGLGQTGTEAFF,1
FQLNQSFEI,CASSGPIVETQYF,1
VLASPSVPL,CASSQGGQDGHGTTNEKLFF,1
ESITGSLGPLL,CASSPGASYEQYF,1
FSFPLDFLV,CASSLTGSSDTQYF,1
LYPEFIASI,CATSFAPGQGEHGYTF,1
KLLAGDEIV,CAISESKGNYGYTF,1
GLLHHAPSL,CASSFEWSYEQYF,1
LVIGMPPPV,CASSTGADLTYEQYF,1
LLIDLTSFLL,CASSESTIVQGYNEQFF,1
ALLETLSLLL,CSARNRDTYYNEQFF,1
MLIGIPVYV,CASSTSTGQGWHYGYTF,1
LLWNTVWNM,CASSSTGGGGELFF,1
RLHDLVFPL,CAITSGFSYEQYF,1
RLHDLVLPL,CATQWTGGHEQYF,1
YLSFYTAEQL,CASRTDRFLGAFF,1
FGDVGSTLF,CASSANRGPDTEAFF,1
EDVPSGKLFMHVTLG,CASAGETQYF,1
SLLLLSVSV,CSVPVFGRGTGELFF,1
KLVALVINAV,CASRRGPYEQYF,1
YLCLQNNFI,CASSLWAGHGYTF,1
YLLPAIVHI,CASSWDYTEQYF,1
ALWGFFPVL,CASSDWVSYEQYF,1
YLQQNWWTL,CASSGLAGFSPQETQYF,1
KLEFMDWRL,CASSPSGLAGSNLGNEQFF,1
VLEEVDWLI,CASSPSGLAGSNLGNEQFF,1
LLQCTQQAV,CASSQDRGIGYGYTF,1
LLFGKPVYV,CASRPGLAGGRPEQYF,1
YMPTTIIAA,CASSWTGDSNQPQHF,1
MLMLAVIVA,CASSLGQGDFGETQYF,1
KVAELVHFL,CATWDSGNIQYF,1
LMDMHNGQL,CASSRDTVNTEAFF,1
TLEYMDWLV,CASSPSGLAGSNLGNEQFF,1
RLLQCTQQAV,CASSPVYGVAYEQYF,1
LPEPLPQGQLTGY,CASPGLAGEYEQYF,1
TLEELDWCL,CASSPSGLAGSNLGNEQFF,1
EMMLFDWKV,CASSPSGLAGSNLGNEQFF,1
TMDFYQGQL,CASSRDFVSNEQYF,1
ALVGAIPSI,CASSFSAREYGYTF,1
AMAVLYLAL,CSAIYREGNTGELFF,1
SMGVTYEM,CASSLVNGLGYTF,1
RMDYNNMQM,CASSRDTVNTEAFF,1
NVEYYDIKL,CASSPSGLAGSNLGNEQFF,1
LPEPLPQGGLTAY,CASPGLAGEYEQYF,1
LPEPLPQAQLTAY,CASPGLAGEYEQYF,1
KQWLVWLFL,CASSRTSPTDTQYF,1
KLTESLHKV,CASSSTRGWADTQYF,1
YMGVVYEM,CASSLVNGLGYTF,1
FMGVTYEM,CASSLVNGLGYTF,1
LPEGLPQGQLTAY,CASPGLAGEYEQYF,1
YMLDLQPETT,CASSLLGLIKETQYF,1
FMYSDFHFI,CASSPTGTGYNEQFF,1
VPLTEDAEL,CASRTRGGTLIEQYF,1
EHEGSGPEL,CASSLAGSKLYEQYF,1
SYMIMEIE,CASRDHRVIYGYTF,1
WLDNFELCL,CASSPSGLAGSNLGNEQFF,1
QTNPVTLQY,CASSLNSGHTQYF,1
YLSHLPLTCKF,CASSPRPLEGLYGYTF,1
TYDTVHRHL,CASSLDREDEQYF,1
VLDLFQGQL,CASSRDTVNTEAFF,1
HIMPDTAEI,CSVRSGNEQFF,1
TLYSLTLLY,CATGTGGNDYEQYF,1
RILLVAASY,CASSLYRGKETQYF,1
LLFGPVYV,CASRPGLAGGRPEQYF,1
SMLGIGIVPV,CASSLSFGTEAFF,1
VLNGTVHPV,CASSESQGDYYGYTF,1
ILCETCLIV,CASSDLPGAPTDTQYF,1
EMLFSHGLVK,CASSPGTVKETQYF,1
AMAGSPVFL,CASSHDDRGPNEKLFF,1
LPEPLPQGQGTAY,CASPGLAGEYEQYF,1
MLFSHGLVK,CAWSAASGGAQDTQYF,1
MMWDRGLGMM,CASSLSFGTEAFF,1
IAMAVLYLA,CASSFGTGGYEQYF,1
MVNTVAGAMK,CASSVGGGVTDTQYF,1
LASYFFWGL,CASSGRSTDTQYF,1
KLVALGINNV,CASSYSPGTGNTIYF,1
WSYDSTLLAY,CASSVERENTGELFF,1
CISSCNPNL,CASSFGGGLQETQYF,1
RSGGFSFGK,CASSPNPQGANMDTQYF,1
FVVPYMIYLL,CASSLSGGLLRTGELFF,1
MPYGYVLNEF,CASRPWTGANEKLFF,1
FSSEVLNLV,CSVRVGTQYF,1
TLREIRRYQK,CASSQEFVGAVLDTQYF,1
SLLLLPVSV,CASSLSYTPHQPQHF,1
RMEQVDWTV,CASSPSGLAGSNLGNEQFF,1
YMGVSYEM,CASSLVNGLGYTF,1
RLDAMNGQL,CASSRDTVNTEAFF,1
SLSKILDTV,CASSPLDVSISSYNEQFF,1
GPEPLPQGQLTAY,CASPGLAGEYEQYF,1
NMEYMTWDV,CASSPSGLAGSNLGNEQFF,1
LPEPLPQGQLGAY,CASPGLAGEYEQYF,1
KLEQLDWTV,CASSPSGLAGSNLGNEQFF,1
KLSEGDLLA,CASDEKLFF,1
KMGVTYEM,CASSLVNGLGYTF,1
EVLPFFLFF,CASSHQAGALYNEQFF,1
FLPDLNVNA,CASSLAYRPYEQYF,1
GMDYHNGHL,CASSRDTVNTEAFF,1
ALGIGILTV,CASSFLGTGVEQYF,1
FRNEGIHL,CASSVGNGASTDTQYF,1
EFFWDANDIY,CASSLGGNLYEQYF,1
DEEDAIAAY,CASSPGGGKETQYF,1
LPEPLGQGQLTAY,CASPGLAGEYEQYF,1
LLEDLDWDV,CASSPSGLAGSNLGNEQFF,1
TMETIDWKV,CASSPSGLAGSNLGNEQFF,1
ALWGPDPAA,CASSLVPLSPEQYF,1
SLDPTTSPV,CASSTINTNSPLHF,1
FLTGIGIITV,AWSETGLGTGELF,1
YIFLGNLAL,CASSGRQGIDTEAFF,1
LPEALPQGQLTAY,ASPGLAGEYEQY,1
ACDPHSGHFV,CASSVVAGFNEQFF,1
ALSYTPVEV,CASSSDRGEQFF,1
FFAGGIGIRTI,AWSETGLGTGELF,1
LLHGFSFYL,CATSTRDTGNEQFF,1
NLVPTVATV,ASSPVTGGIYGYT,1
ELGGIGILTV,RPGWMAGL,1
WLLPAWGV,AWSETGLGTGELF,1
TMSSSHLFYL,CASSLGGGGPQETQYF,1
LTLTPEIAPYF,CASTGSYGYTFGSGTRLTVT,1
DLAGIGILTV,RPGWMAGL,1
ILAAFLHWL,ASSYQGTEAF,1
RLSDFSEQL,CASTPLSNQPQHF,1
LTISPEIPPYF,CASTGSYGYTFGSGTRLTVT,1
KSFVPELKPAF,CASTGSYGYTFGSGTRLTVT,1
SLYNTVATLY,CASSDSLGDRGSYEQYF,1
SSFSPELRMRW,CASTGSYGYTFGSGTRLTVT,1
YIDDVVLGA,CASSYLTGEGDYGYTF,1
NLVPMVAAV,CASSLAPGTTNEKLFF,1
NLVPQVATV,ASSPVTGGIYGYT,1
LPEPLPQGQATAY,ASPGLAGEYEQY,1
EIAGIGILTV,RPGWMAGL,1
FLNVFFPLL,CSAPSYRELAGAYLQETQYF,1
CLGALLTMV,ASSYVSQNNEQF,1
RLLCALTSL,CSALTGNQPQHF,1
FVGEFFTDV,CASSHRGSGNTIYF,1
RIAAWMATY,CASSPGGGASYEQYF,1
LSLRPEIPLFF,CASTGSYGYTFGSGTRLTVT,1
LLYGFVNYV,ASRPGLAGGRPEQY,1
FMLYLVTLM,CASSYGVNTEAFF,1
NSLKPEIPDYF,CASTGSYGYTFGSGTRLTVT,1
GSLAPEIRMYW,CASTGSYGYTFGSGTRLTVT,1
IAGLGLLTV,RPGWMAGL,1
LTITPEIAPFF,CASTGSYGYTFGSGTRLTVT,1
YMDDVVLGA,CASSYLTGEGDYGYTF,1
ELAGIGLLTV,RPGWMAGL,1
HSKKKCDEI,ASSLRGRGDQPQH,1
YVNELVVFV,CASSALAGGYNEQFF,1
FLAGGIGIRTL,AWSETGLGTGELF,1
KSLTPEVRGYW,CASTGSYGYTFGSGTRLTVT,1
YLCSGSSYFV,CASSDGGISYNEQF,1
NLVPVVATV,ASSPVTGGIYGYT,1
ELAGIGIITV,RPGWMAGL,1
APRGPAGGAASGL,CASQTFSPGQTQF,1
FWLLPAWAL,AWSETGLGTGELF,1
LMASISSFL,CASSFGGLYGYTF,1
RSFVPEIGMGF,CASTGSYGYTFGSGTRLTVT,1
SLLQGSPHL,CASSPPDQVYNEQFF,1
ASFSPELRMAW,CASTGSYGYTFGSGTRLTVT,1
GTIRPEIPDYF,CASTGSYGYTFGSGTRLTVT,1
LPEPLPQGALTAY,ASPGLAGEYEQY,1
YVTAMDIFV,CASSYGQPNTEAFF,1
HSRKKCDEL,ASSLRGRGDQPQH,1
KAANIVLTV,CASSPSWLSGVTQYF,1
APRGAHGGAASGL,CAILGQGYGYTF,1
SVASTITGV,CASSYFGGSLSEQYF,1
FLEIYTVTV,CASSDNDWRLQYF,1
FATGIGIITV,AWSETGLGTGELF,1
ELAGIGILSV,RPGWMAGL,1
LSITPEISPYF,CASTGSYGYTFGSGTRLTVT,1
SLVALGINAV,CASSFLGTGLNEQYF,1
LTISPEIPSYF,CASTGSYGYTFGSGTRLTVT,1
GSLSPELRPIF,CASTGSYGYTFGSGTRLTVT,1
WTYRPEVRGVW,CASTGSYGYTFGSGTRLTVT,1
YLCSGSSYF,CASSDGGISYNEQF,1
YLVALGVNAV,CASSFLGTGLNEQYF,1
GIWGFVFTL,ASSSRSSYEQY,1
LSITPEIAPYF,CASTGSYGYTFGSGTRLTVT,1
WLLPTWGV,AWSETGLGTGELF,1
YSFKPELKEIF,CASTGSYGYTFGSGTRLTVT,1
SALRPEIRLLW,CASTGSYGYTFGSGTRLTVT,1
NLVPMVASV,ASSPVTGGIYGYT,1
CLGGLATMV,ASSYVSQNNEQF,1
SSGVPEVRMMF,CASTGSYGYTFGSGTRLTVT,1
NSFRPEVAMKY,CASTGSYGYTFGSGTRLTVT,1
GTIRPEIREMW,CASTGSYGYTFGSGTRLTVT,1
APQPAPENAY,ASPGLAGEYEQY,1
FITGISILL,CASSEMDGSNQPQHF,1
KSLAPEVRDLF,CASTGSYGYTFGSGTRLTVT,1
NLNRCSVPV,CASSLDIGDQPQHF,1
ILITQVLGL,CASSISPSSYEQYF,1
YMVLASPSV,CASSGRQGIDTEAFF,1
KSCTPEVREYF,CASTGSYGYTFGSGTRLTVT,1
YVDDVVLGA,CASSYLTGEGDYGYTF,1
LLYGFVNYI,ASRPGLAGGRPEQY,1
YLDELIKNT,CASSALAGGYNEQFF,1
CLGGLLAMV,ASSYVSQNNEQF,1
RSLAPEVRGYW,CASTGSYGYTFGSGTRLTVT,1
FLPSDFFPSV,CASSRRRDLGNEQFF,1
LTITPEIAPYF,CASTGSYGYTFGSGTRLTVT,1
SWISDIRAGTAPLCRNHIKSSCSLI,CASSYSKAGGPGEDTQYF,1
FWLLGAWAL,AWSETGLGTGELF,1
LGIGVITI,RPGWMAGL,1
YLNELVVFV,CASSYGQPNTEAFF,1
NSVKPEIRPVW,CASTGSYGYTFGSGTRLTVT,1
ILAKFAHWL,ASSYQGTEAF,1
FLRGRFYGL,ASSLGQAYEQY,1
ELAGIGILTI,RPGWMAGL,1
HPVAEADYFEY,ASSARSGELF,1
FMSAYSGVL,CASSLIDSPYEQYF,1
LSGSPELRMIF,CASTGSYGYTFGSGTRLTVT,1
LLFGYPVFV,ASRPGLAGGRPEQY,1
NLVGMVATV,ASSPVTGGIYGYT,1
HSKRKCDEL,ASSLRGRGDQPQH,1
YLQDSLATT,CASSLNTEAFF,1
ELAGIGILTA,RPGWMAGL,1
MLGERLFPL,CASSLDIGDQPQHF,1
KLQCVDLHV,CASSFRGPNLYTEAFF,1
APAGPHGGAASGL,CAILGQGYGYTF,1
AIMDKNIIL,CASSVDGGSQPQHF,1
VYAIFIFQL,CASSFPTSGQETQYF,1
ELAGIGALTV,AWSETGLGMGGWQ,1
WLWEPLRVV,CASTLGQGNTEAFF,1
ALVPMVATV,CASSLAPGTTNEKLFF,1
LTITPEIRPYF,CASTGSYGYTFGSGTRLTVT,1
YVTAMDLFV,CASSYGQPNTEAFF,1
LPLKMLNI,CASSSGQVQETQYF,1
LVFPLVMGV,CASSPTAEAFF,1
YLYDRLLRI,CASSLDQGAQDNEQFF,1
RTYVPEIKHRW,CASTGSYGYTFGSGTRLTVT,1
MVIGIPVYV,CASSTSTGQGWHYGYTF,1
CLAGLLTMV,ASSYVSQNNEQF,1
ASFRPELAEFW,CASTGSYGYTFGSGTRLTVT,1
NLAPMVATV,CASSLAPGTTNEKLFF,1
ALGGLLTMV,ASSYVSQNNEQF,1
LAITPEIAPYF,CASTGSYGYTFGSGTRLTVT,1
